yr,holiday,workingday,atemp,hum,windspeed,season_fall,season_spring,season_summer,season_winter,mnth_1,mnth_2,mnth_3,mnth_4,mnth_5,mnth_6,mnth_7,mnth_8,mnth_9,mnth_10,mnth_11,mnth_12,weekday_Friday,weekday_Monday,weekday_Saturday,weekday_Sunday,weekday_Thursday,weekday_Tuesday,weekday_Wednesday,weathersit_Clear_Few Clouds,weathersit_Light rain_Light snow_Thunderstorm,weathersit_Mist_cloudy,cnt
0,0,0,0.373517379,0.828620051,0.284606201,0,1,0,0,1,0,0,0,0,0,0,0,0,0,0,0,0,0,1,0,0,0,0,0,0,1,0.110791532
0,0,0,0.360540669,0.715770694,0.466214554,0,1,0,0,1,0,0,0,0,0,0,0,0,0,0,0,0,0,0,1,0,0,0,0,0,1,0.089622642
0,0,1,0.144830108,0.449638046,0.465740397,0,1,0,0,1,0,0,0,0,0,0,0,0,0,0,0,0,1,0,0,0,0,0,1,0,0,0.152669121
0,0,1,0.174649238,0.607131105,0.284296968,0,1,0,0,1,0,0,0,0,0,0,0,0,0,0,0,0,0,0,0,0,1,0,1,0,0,0.177174413
0,0,1,0.197158303,0.449313111,0.339142514,0,1,0,0,1,0,0,0,0,0,0,0,0,0,0,0,0,0,0,0,0,0,1,1,0,0,0.181546249
0,0,1,0.202328772,0.532916195,0.138481704,0,1,0,0,1,0,0,0,0,0,0,0,0,0,0,0,0,0,0,0,1,0,0,1,0,0,0.182236539
0,0,1,0.170339857,0.512797943,0.301675857,0,1,0,0,1,0,0,0,0,0,0,0,0,0,0,0,1,0,0,0,0,0,0,0,0,1,0.171191901
0,0,0,0.109190755,0.55098509,0.503868813,0,1,0,0,1,0,0,0,0,0,0,0,0,0,0,0,0,0,1,0,0,0,0,0,0,1,0.107800276
0,0,0,0.048705847,0.446444216,0.700017296,0,1,0,0,1,0,0,0,0,0,0,0,0,0,0,0,0,0,0,1,0,0,0,1,0,0,0.092038656
0,0,1,0.094271346,0.496572751,0.414114997,0,1,0,0,1,0,0,0,0,0,0,0,0,0,0,0,0,1,0,0,0,0,0,1,0,0,0.149447768
0,0,1,0.147532824,0.705772751,0.205619875,0,1,0,0,1,0,0,0,0,0,0,0,0,0,0,0,0,0,0,0,0,1,0,0,0,1,0.142774965
0,0,1,0.106852952,0.616498715,0.581842917,0,1,0,0,1,0,0,0,0,0,0,0,0,0,0,0,0,0,0,0,0,0,1,1,0,0,0.131155085
0,0,1,0.094264783,0.48371928,0.574365665,0,1,0,0,1,0,0,0,0,0,0,0,0,0,0,0,0,0,0,0,1,0,0,1,0,0,0.159226875
0,0,1,0.143527974,0.553034447,0.214723691,0,1,0,0,1,0,0,0,0,0,0,0,0,0,0,0,1,0,0,0,0,0,0,1,0,0,0.1609526
0,0,0,0.221890971,0.51285347,0.279487366,0,1,0,0,1,0,0,0,0,0,0,0,0,0,0,0,0,0,1,0,0,0,0,0,0,1,0.141049241
0,0,0,0.203651908,0.497429306,0.342302874,0,1,0,0,1,0,0,0,0,0,0,0,0,0,0,0,0,0,0,1,0,0,0,1,0,0,0.135987115
0,1,0,0.128246278,0.552699229,0.353814584,0,1,0,0,1,0,0,0,0,0,0,0,0,0,0,0,0,1,0,0,0,0,0,0,0,1,0.112517257
0,0,1,0.201178904,0.886032905,0.256422716,0,1,0,0,1,0,0,0,0,0,0,0,0,0,0,0,0,0,0,0,0,1,0,0,0,1,0.07604694
0,0,1,0.287929639,0.762713625,0.383294786,0,1,0,0,1,0,0,0,0,0,0,0,0,0,0,0,0,0,0,0,0,0,1,0,0,1,0.187298665
0,0,1,0.230998033,0.553555784,0.357704733,0,1,0,0,1,0,0,0,0,0,0,0,0,0,0,0,0,0,0,0,1,0,0,0,0,1,0.21916705
0,0,1,0.103387596,0.470008226,0.682065296,0,1,0,0,1,0,0,0,0,0,0,0,0,0,0,0,1,0,0,0,0,0,0,1,0,0,0.174988495
0,0,0,0,0.411311054,0.308363533,0,1,0,0,1,0,0,0,0,0,0,0,0,0,0,0,0,0,1,0,0,0,0,1,0,0,0.110331339
0,0,0,0.025950138,0.44886581,0.462217204,0,1,0,0,1,0,0,0,0,0,0,0,0,0,0,0,0,0,0,1,0,0,0,1,0,0,0.110906581
0,0,1,0.051009521,0.505644216,0.280243956,0,1,0,0,1,0,0,0,0,0,0,0,0,0,0,0,0,1,0,0,0,0,0,1,0,0,0.160377358
0,0,1,0.204057512,0.634403085,0.221419614,0,1,0,0,1,0,0,0,0,0,0,0,0,0,0,0,0,0,0,0,0,1,0,0,0,1,0.225839853
0,0,1,0.163462962,0.88688946,0.559625564,0,1,0,0,1,0,0,0,0,0,0,0,0,0,0,0,0,0,0,0,0,0,1,0,1,0,0.055683387
0,0,1,0.184596386,0.706940874,0.188519296,0,1,0,0,1,0,0,0,0,0,0,0,0,0,0,0,0,0,0,0,1,0,0,1,0,0,0.047054763
0,0,1,0.189344187,0.81546838,0.208027768,0,1,0,0,1,0,0,0,0,0,0,0,0,0,0,0,1,0,0,0,0,0,0,0,0,1,0.131730327
0,0,0,0.174654488,0.670168638,0.253515926,0,1,0,0,1,0,0,0,0,0,0,0,0,0,0,0,0,0,1,0,0,0,0,1,0,0,0.123791993
0,0,0,0.224791895,0.742595373,0.106357354,0,1,0,0,1,0,0,0,0,0,0,0,0,0,0,0,0,0,0,1,0,0,0,1,0,0,0.123561896
0,0,1,0.140688745,0.620822622,0.339744487,0,1,0,0,1,0,0,0,0,0,0,0,0,0,0,0,0,1,0,0,0,0,0,0,0,1,0.170156466
0,0,1,0.204062763,0.853023136,0.063539731,0,1,0,0,0,1,0,0,0,0,0,0,0,0,0,0,0,0,0,0,0,1,0,0,0,1,0.153934653
0,0,1,0.230167135,0.797343959,0.498723177,0,1,0,0,0,1,0,0,0,0,0,0,0,0,0,0,0,0,0,0,0,0,1,0,0,1,0.173032674
0,0,1,0.129699365,0.450206684,0.526438691,0,1,0,0,0,1,0,0,0,0,0,0,0,0,0,0,0,0,0,0,1,0,0,1,0,0,0.175793833
0,0,1,0.196261773,0.601765553,0.217385156,0,1,0,0,0,1,0,0,0,0,0,0,0,0,0,0,1,0,0,0,0,0,0,0,0,1,0.193971468
0,0,0,0.215256914,0.955441645,0.285911164,0,1,0,0,0,1,0,0,0,0,0,0,0,0,0,0,0,0,1,0,0,0,0,0,0,1,0.113092499
0,0,0,0.27906804,0.584404113,0.246166491,0,1,0,0,0,1,0,0,0,0,0,0,0,0,0,0,0,0,0,1,0,0,0,1,0,0,0.184192361
0,0,1,0.294802595,0.759211311,0.047449932,0,1,0,0,0,1,0,0,0,0,0,0,0,0,0,0,0,1,0,0,0,0,0,1,0,0,0.194431661
0,0,1,0.156435114,0.553128021,0.700017296,0,1,0,0,0,1,0,0,0,0,0,0,0,0,0,0,0,0,0,0,0,1,0,1,0,0,0.173492867
0,0,1,0.085601392,0.508774293,0.343139864,0,1,0,0,0,1,0,0,0,0,0,0,0,0,0,0,0,0,0,0,0,0,1,0,0,1,0.182121491
0,0,1,0.092512415,0.449759383,0.411369009,0,1,0,0,0,1,0,0,0,0,0,0,0,0,0,0,0,0,0,0,1,0,0,1,0,0,0.174413254
0,0,1,0.176469862,0.520682776,0.177619867,0,1,0,0,0,1,0,0,0,0,0,0,0,0,0,0,1,0,0,0,0,0,0,1,0,0,0.198343304
0,0,0,0.20199405,0.559554756,0.3730901,0,1,0,0,0,1,0,0,0,0,0,0,0,0,0,0,0,0,1,0,0,0,0,1,0,0,0.166820064
0,0,0,0.321652544,0.470324936,0.49166236,0,1,0,0,0,1,0,0,0,0,0,0,0,0,0,0,0,0,0,1,0,0,0,1,0,0,0.180280718
0,0,1,0.419098629,0.386460668,0.815377657,0,1,0,0,0,1,0,0,0,0,0,0,0,0,0,0,0,1,0,0,0,0,0,1,0,0,0.217556374
0,0,1,0.229979428,0.323237018,0.55452116,0,1,0,0,0,1,0,0,0,0,0,0,0,0,0,0,0,0,0,0,0,1,0,1,0,0,0.206281638
0,0,1,0.311265664,0.435452956,0.472918723,0,1,0,0,0,1,0,0,0,0,0,0,0,0,0,0,0,0,0,0,0,0,1,1,0,0,0.240796134
0,0,1,0.458881971,0.519280206,0.428209832,0,1,0,0,0,1,0,0,0,0,0,0,0,0,0,0,0,0,0,0,1,0,0,1,0,0,0.28221353
0,0,1,0.568257283,0.531277121,0.499995155,0,1,0,0,0,1,0,0,0,0,0,0,0,0,0,0,1,0,0,0,0,0,0,1,0,0,0.33421537
0,0,0,0.409981067,0.193230848,1,0,1,0,0,0,1,0,0,0,0,0,0,0,0,0,0,0,0,1,0,0,0,0,1,0,0,0.185572941
0,0,0,0.260243541,0.419358355,0.414049027,0,1,0,0,0,1,0,0,0,0,0,0,0,0,0,0,0,0,0,1,0,0,0,1,0,0,0.205936493
0,1,0,0.269097264,0.622107969,0.588479055,0,1,0,0,0,1,0,0,0,0,0,0,0,0,0,0,0,1,0,0,0,0,0,0,0,1,0.124827428
0,0,1,0.140403903,0.594116195,0.35724913,0,1,0,0,0,1,0,0,0,0,0,0,0,0,0,0,0,0,0,0,0,1,0,1,0,0,0.164289001
0,0,1,0.218747211,0.435005656,0.147857233,0,1,0,0,0,1,0,0,0,0,0,0,0,0,0,0,0,0,0,0,0,0,1,1,0,0,0.218016567
0,0,1,0.275812705,0.717111568,0.470249013,0,1,0,0,0,1,0,0,0,0,0,0,0,0,0,0,0,0,0,0,1,0,0,0,0,1,0.205361252
0,0,1,0.356237852,0.732312596,0.668246709,0,1,0,0,0,1,0,0,0,0,0,0,0,0,0,0,1,0,0,0,0,0,0,0,0,1,0.165554533
0,0,0,0.266625572,0.553128021,0.338464263,0,1,0,0,0,1,0,0,0,0,0,0,0,0,0,0,0,0,1,0,0,0,0,1,0,0,0.22399908
0,0,0,0.357088439,0.699228792,0.212043673,0,1,0,0,0,1,0,0,0,0,0,0,0,0,0,0,0,0,0,1,0,0,0,1,0,0,0.273815002
0,0,1,0.421419368,0.901145501,0.551041259,0,1,0,0,0,1,0,0,0,0,0,0,0,0,0,0,0,1,0,0,0,0,0,0,0,1,0.163828808
0,0,1,0.242587288,0.550128535,0.400009854,0,1,0,0,0,0,1,0,0,0,0,0,0,0,0,0,0,0,0,0,0,1,0,1,0,0,0.210423378
0,0,1,0.316346874,0.462296144,0.588452254,0,1,0,0,0,0,1,0,0,0,0,0,0,0,0,0,0,0,0,0,0,0,1,1,0,0,0.242982052
0,0,1,0.158912057,0.327334704,0.419242078,0,1,0,0,0,0,1,0,0,0,0,0,0,0,0,0,0,0,0,0,1,0,0,1,0,0,0.191325357
0,0,1,0.231823681,0.627678149,0.373046808,0,1,0,0,0,0,1,0,0,0,0,0,0,0,0,0,1,0,0,0,0,0,0,0,0,1,0.221122872
0,0,0,0.39340905,0.811482776,0.473083648,0,1,0,0,0,0,1,0,0,0,0,0,0,0,0,0,0,0,1,0,0,0,0,0,0,1,0.236424298
0,0,0,0.376965671,0.975075578,0.66154254,0,1,0,0,0,0,1,0,0,0,0,0,0,0,0,0,0,0,0,1,0,0,0,0,0,1,0.067073171
0,0,1,0.209222731,0.566893573,0.657553436,0,1,0,0,0,0,1,0,0,0,0,0,0,0,0,0,0,1,0,0,0,0,0,1,0,0,0.212839393
0,0,1,0.293151301,0.432733162,0.202564654,0,1,0,0,0,0,1,0,0,0,0,0,0,0,0,0,0,0,0,0,0,1,0,1,0,0,0.242867004
0,0,1,0.272422169,0.797343959,0.407689138,0,1,0,0,0,0,1,0,0,0,0,0,0,0,0,0,0,0,0,0,0,0,1,0,0,1,0.215025311
0,0,1,0.402451792,0,0.493711543,0,1,0,0,0,0,1,0,0,0,0,0,0,0,0,0,0,0,0,0,1,0,0,0,1,0,0.06914404
0,0,1,0.296564152,0.667933162,0.434118242,0,1,0,0,0,0,1,0,0,0,0,0,0,0,0,0,1,0,0,0,0,0,0,0,0,1,0.224919466
0,0,0,0.323801328,0.611396401,0.408977608,0,1,0,0,0,0,1,0,0,0,0,0,0,0,0,0,0,0,1,0,0,0,0,1,0,0,0.242751956
0,0,0,0.395131227,0.54230437,0.511702713,0,1,0,0,0,0,1,0,0,0,0,0,0,0,0,0,0,0,0,1,0,0,0,1,0,0,0.275540727
0,0,1,0.332005297,0.511009769,0.236118484,0,1,0,0,0,0,1,0,0,0,0,0,0,0,0,0,0,1,0,0,0,0,0,1,0,0,0.2328578
0,0,1,0.313862056,0.674192288,0.333801031,0,1,0,0,0,0,1,0,0,0,0,0,0,0,0,0,0,0,0,0,0,1,0,0,0,1,0.234008283
0,0,1,0.377855637,0.798480206,0.372574712,0,1,0,0,0,0,1,0,0,0,0,0,0,0,0,0,0,0,0,0,0,0,1,0,0,1,0.249654855
0,0,1,0.434827935,0.619966067,0.385896465,0,1,0,0,0,0,1,0,0,0,0,0,0,0,0,0,0,0,0,0,1,0,0,1,0,0,0.313161528
0,0,1,0.587980936,0.540068895,0.43009203,0,1,0,0,0,0,1,0,0,0,0,0,0,0,0,0,1,0,0,0,0,0,0,1,0,0,0.370110446
0,0,0,0.508587521,0.389888946,0.712833969,0,1,0,0,0,0,1,0,0,0,0,0,0,0,0,0,0,0,1,0,0,0,0,1,0,0,0.356074551
0,0,0,0.323801328,0.48714653,0.3820661,0,1,0,0,0,0,1,0,0,0,0,0,0,0,0,0,0,0,0,1,0,0,0,1,0,0,0.281753336
0,0,1,0.434042979,0.758242674,0.549179677,0,0,1,0,0,0,1,0,0,0,0,0,0,0,0,0,0,1,0,0,0,0,0,0,0,1,0.236424298
0,0,1,0.474612589,0.64224473,0.419233832,0,0,1,0,0,0,1,0,0,0,0,0,0,0,0,0,0,0,0,0,0,1,0,1,0,0,0.308444547
0,0,1,0.339801036,0.863305913,0.436779706,0,0,1,0,0,0,1,0,0,0,0,0,0,0,0,0,0,0,0,0,0,0,1,0,0,1,0.241486424
0,0,1,0.251715351,0.828620051,0.456418056,0,0,1,0,0,0,1,0,0,0,0,0,0,0,0,0,0,0,0,0,1,0,0,0,0,1,0.212034054
0,0,1,0.232654579,0.508997429,0.429490056,0,0,1,0,0,0,1,0,0,0,0,0,0,0,0,0,1,0,0,0,0,0,0,1,0,0,0.251725725
0,0,0,0.234307186,0.405313111,0.385879973,0,0,1,0,0,0,1,0,0,0,0,0,0,0,0,0,0,0,1,0,0,0,0,1,0,0,0.284629544
0,0,0,0.22481421,0.507879692,0.333782477,0,0,1,0,0,0,1,0,0,0,0,0,0,0,0,0,0,0,0,1,0,0,0,0,0,1,0.192245743
0,0,1,0.234311124,0.310718766,0.391308041,0,0,1,0,0,0,1,0,0,0,0,0,0,0,0,0,0,1,0,0,0,0,0,1,0,0,0.230786931
0,0,1,0.280691769,0.3230509,0.421802527,0,0,1,0,0,0,1,0,0,0,0,0,0,0,0,0,0,0,0,0,0,1,0,1,0,0,0.276461114
0,0,1,0.286522494,0.664953213,0.310256039,0,0,1,0,0,0,1,0,0,0,0,0,0,0,0,0,0,0,0,0,0,0,1,0,0,1,0.174183157
0,0,1,0.234312437,0.944301285,0.40252701,0,0,1,0,0,0,1,0,0,0,0,0,0,0,0,0,0,0,0,0,1,0,0,0,1,0,0.191325357
0,0,1,0.268282118,0.705655527,0.487178483,0,0,1,0,0,0,0,1,0,0,0,0,0,0,0,0,1,0,0,0,0,0,0,0,0,1,0.253681546
0,0,0,0.31052665,0.672236504,0.360265182,0,0,1,0,0,0,0,1,0,0,0,0,0,0,0,0,0,0,1,0,0,0,0,0,0,1,0.256557754
0,0,0,0.393393298,0.493573265,0.329480017,0,0,1,0,0,0,0,1,0,0,0,0,0,0,0,0,0,0,0,1,0,0,0,1,0,0,0.37126093
0,0,1,0.608878086,0.438303342,0.74871323,0,0,1,0,0,0,0,1,0,0,0,0,0,0,0,0,0,1,0,0,0,0,0,1,0,0,0.355844455
0,0,1,0.419098629,0.660239589,0.753858866,0,0,1,0,0,0,0,1,0,0,0,0,0,0,0,0,0,0,0,0,0,1,0,0,0,1,0.203980672
0,0,1,0.404998304,0.484147044,0.496156544,0,0,1,0,0,0,0,1,0,0,0,0,0,0,0,0,0,0,0,0,0,0,1,1,0,0,0.32052462
0,0,1,0.465495026,0.619966067,0.288453058,0,0,1,0,0,0,0,1,0,0,0,0,0,0,0,0,0,0,0,0,1,0,0,1,0,0,0.358835711
0,0,1,0.322132969,0.859897172,0.421794281,0,0,1,0,0,0,0,1,0,0,0,0,0,0,0,0,1,0,0,0,0,0,0,0,0,1,0.166705016
0,0,0,0.344513396,0.902313625,0.228195937,0,0,1,0,0,0,0,1,0,0,0,0,0,0,0,0,0,0,1,0,0,0,0,0,0,1,0.279912563
0,0,0,0.456360399,0.881748072,0.256406223,0,0,1,0,0,0,0,1,0,0,0,0,0,0,0,0,0,0,0,1,0,0,0,0,0,1,0.330533824
0,0,1,0.638134095,0.73722982,0.622758551,0,0,1,0,0,0,0,1,0,0,0,0,0,0,0,0,0,1,0,0,0,0,0,0,0,1,0.382650713
0,0,1,0.543410415,0.760068895,0.52051585,0,0,1,0,0,0,0,1,0,0,0,0,0,0,0,0,0,0,0,0,0,1,0,0,0,1,0.23147722
0,0,1,0.443950748,0.842331105,0.470498461,0,0,1,0,0,0,0,1,0,0,0,0,0,0,0,0,0,0,0,0,0,0,1,0,0,1,0.246203405
0,0,1,0.503621823,0.555698715,0.182052206,0,0,1,0,0,0,0,1,0,0,0,0,0,0,0,0,0,0,0,0,1,0,0,1,0,0,0.373331799
0,1,0,0.476280948,0.690231362,0.420522303,0,0,1,0,0,0,0,1,0,0,0,0,0,0,0,0,1,0,0,0,0,0,0,1,0,0,0.357109986
0,0,0,0.454726169,0.913452956,0.656431951,0,0,1,0,0,0,0,1,0,0,0,0,0,0,0,0,0,0,1,0,0,0,0,0,1,0,0.088932352
0,0,0,0.481246646,0.493144473,0.579511301,0,0,1,0,0,0,0,1,0,0,0,0,0,0,0,0,0,0,0,1,0,0,0,1,0,0,0.428209848
0,0,1,0.556657527,0.557840617,0.291040307,0,0,1,0,0,0,0,1,0,0,0,0,0,0,0,0,0,1,0,0,0,0,0,1,0,0,0.391969627
0,0,1,0.538427652,0.684661183,0.279503859,0,0,1,0,0,0,0,1,0,0,0,0,0,0,0,0,0,0,0,0,0,1,0,0,0,1,0.366083755
0,0,1,0.637051171,0.63153419,0.452579446,0,0,1,0,0,0,0,1,0,0,0,0,0,0,0,0,0,0,0,0,0,0,1,1,0,0,0.451219512
0,0,1,0.492005003,0.418594344,0.624374808,0,0,1,0,0,0,0,1,0,0,0,0,0,0,0,0,0,0,0,0,1,0,0,1,0,0,0.479406351
0,0,1,0.318818565,0.750213882,0.406392421,0,0,1,0,0,0,0,1,0,0,0,0,0,0,0,0,1,0,0,0,0,0,0,0,0,1,0.19109526
0,0,0,0.487055056,0.913025193,0.429490056,0,0,1,0,0,0,0,1,0,0,0,0,0,0,0,0,0,0,1,0,0,0,0,0,0,1,0.461803958
0,0,0,0.620473903,0.83376144,0.350017204,0,0,1,0,0,0,0,1,0,0,0,0,0,0,0,0,0,0,0,1,0,0,0,0,0,1,0.479636447
0,0,1,0.650319285,0.798629306,0.335912061,0,0,1,0,0,0,0,1,0,0,0,0,0,0,0,0,0,1,0,0,0,0,0,1,0,0,0.466060746
0,0,1,0.676024617,0.749786118,0.626935257,0,0,1,0,0,0,0,1,0,0,0,0,0,0,0,0,0,0,0,0,0,1,0,1,0,0,0.503681546
0,0,1,0.651161997,0.859040617,0.597455055,0,0,1,0,0,0,0,1,0,0,0,0,0,0,0,0,0,0,0,0,0,0,1,0,0,1,0.442936033
0,0,1,0.656132946,0.7206509,0.615407055,0,0,1,0,0,0,0,1,0,0,0,0,0,0,0,0,0,0,0,0,1,0,0,0,0,1,0.464335021
0,0,1,0.549197822,0.470008226,0.448740835,0,0,1,0,0,0,0,1,0,0,0,0,0,0,0,0,1,0,0,0,0,0,0,1,0,0,0.526115969
0,0,0,0.505300683,0.517566067,0.43845781,0,0,1,0,0,0,0,1,0,0,0,0,0,0,0,0,0,0,1,0,0,0,0,1,0,0,0.608605614
0,0,0,0.484538735,0.783632905,0.173092698,0,0,1,0,0,0,0,0,1,0,0,0,0,0,0,0,0,0,0,1,0,0,0,0,0,1,0.382995858
0,0,1,0.595625723,0.750642674,0.332038403,0,0,1,0,0,0,0,0,1,0,0,0,0,0,0,0,0,1,0,0,0,0,0,0,0,1,0.503796595
0,0,1,0.660267746,0.716794859,0.660264378,0,0,1,0,0,0,0,0,1,0,0,0,0,0,0,0,0,0,0,0,0,1,0,0,0,1,0.509549011
0,0,1,0.42736823,0.757925964,0.632080892,0,0,1,0,0,0,0,0,1,0,0,0,0,0,0,0,0,0,0,0,0,0,1,0,0,1,0.300391164
0,0,1,0.476286199,0.456726992,0.562804478,0,0,1,0,0,0,0,0,1,0,0,0,0,0,0,0,0,0,0,0,1,0,0,1,0,0,0.507478141
0,0,1,0.518553046,0.606683805,0.424379468,0,0,1,0,0,0,0,0,1,0,0,0,0,0,0,0,1,0,0,0,0,0,0,1,0,0,0.527611597
0,0,0,0.569094744,0.55655527,0.284614447,0,0,1,0,0,0,0,0,1,0,0,0,0,0,0,0,0,0,1,0,0,0,0,1,0,0,0.539806719
0,0,0,0.577380096,0.649529049,0.107707465,0,0,1,0,0,0,0,0,1,0,0,0,0,0,0,0,0,0,0,1,0,0,0,1,0,0,0.495973309
0,0,1,0.585666761,0.605398458,0.31667159,0,0,1,0,0,0,0,0,1,0,0,0,0,0,0,0,0,1,0,0,0,0,0,1,0,0,0.49930971
0,0,1,0.582352357,0.502999486,0.192300183,0,0,1,0,0,0,0,0,1,0,0,0,0,0,0,0,0,0,0,0,0,1,0,1,0,0,0.550046019
0,0,1,0.589806812,0.650814396,0.202548161,0,0,1,0,0,0,0,0,1,0,0,0,0,0,0,0,0,0,0,0,0,0,1,1,0,0,0.478601012
0,0,1,0.583195069,0.768637532,0.34484683,0,0,1,0,0,0,0,0,1,0,0,0,0,0,0,0,0,0,0,0,1,0,0,1,0,0,0.557063967
0,0,1,0.545045958,0.887746015,0.324350874,0,0,1,0,0,0,0,0,1,0,0,0,0,0,0,0,1,0,0,0,0,0,0,0,0,1,0.469742292
0,0,0,0.553353625,0.948586118,0.232044856,0,0,1,0,0,0,0,0,1,0,0,0,0,0,0,0,0,0,1,0,0,0,0,0,0,1,0.389668661
0,0,0,0.599782838,0.891602057,0.269212588,0,0,1,0,0,0,0,0,1,0,0,0,0,0,0,0,0,0,0,1,0,0,0,0,0,1,0.521283939
0,0,1,0.618831797,0.810197429,0.215389573,0,0,1,0,0,0,0,0,1,0,0,0,0,0,0,0,0,1,0,0,0,0,0,1,0,0,0.452830189
0,0,1,0.603102492,0.861611311,0.525618193,0,0,1,0,0,0,0,0,1,0,0,0,0,0,0,0,0,0,0,0,0,1,0,0,0,1,0.471813162
0,0,1,0.588176519,0.894601542,0.369224689,0,0,1,0,0,0,0,0,1,0,0,0,0,0,0,0,0,0,0,0,0,0,1,0,0,1,0.440980212
0,0,1,0.566628303,0.853041645,0.176925124,0,0,1,0,0,0,0,0,1,0,0,0,0,0,0,0,0,0,0,0,1,0,0,0,0,1,0.523815002
0,0,1,0.590649523,0.739931105,0.211559208,0,0,1,0,0,0,0,0,1,0,0,0,0,0,0,0,1,0,0,0,0,0,0,1,0,0,0.563161528
0,0,0,0.647004882,0.644387661,0.202564654,0,0,1,0,0,0,0,0,1,0,0,0,0,0,0,0,0,0,1,0,0,0,0,1,0,0,0.665324436
0,0,0,0.650319285,0.770779434,0.25896461,0,0,1,0,0,0,0,0,1,0,0,0,0,0,0,0,0,0,0,1,0,0,0,1,0,0,0.53359411
0,0,1,0.671053668,0.832904884,0.435915916,0,0,1,0,0,0,0,0,1,0,0,0,0,0,0,0,0,1,0,0,0,0,0,0,0,1,0.489185458
0,0,1,0.69010919,0.761782005,0.380769384,0,0,1,0,0,0,0,0,1,0,0,0,0,0,0,0,0,0,0,0,0,1,0,0,0,1,0.514265992
0,0,1,0.704192451,0.715938303,0.271797775,0,0,1,0,0,0,0,0,1,0,0,0,0,0,0,0,0,0,0,0,0,0,1,1,0,0,0.570179475
0,0,1,0.755576861,0.696658098,0.365410817,0,0,1,0,0,0,0,0,1,0,0,0,0,0,0,0,0,0,0,0,1,0,0,1,0,0,0.535549931
0,0,1,0.732369474,0.672236504,0.450010751,0,0,1,0,0,0,0,0,1,0,0,0,0,0,0,0,1,0,0,0,0,0,0,1,0,0,0.535780028
0,0,0,0.700040587,0.750213882,0.428185094,0,0,1,0,0,0,0,0,1,0,0,0,0,0,0,0,0,0,1,0,0,0,0,1,0,0,0.544868845
0,0,0,0.704202952,0.841902314,0.394882773,0,0,1,0,0,0,0,0,1,0,0,0,0,0,0,0,0,0,0,1,0,0,0,1,0,0,0.548320295
0,1,0,0.777109326,0.70437018,0.224365573,0,0,1,0,0,0,0,0,1,0,0,0,0,0,0,0,0,1,0,0,0,0,0,1,0,0,0.468936954
0,0,1,0.848373593,0.654670437,0.183348922,0,0,1,0,0,0,0,0,1,0,0,0,0,0,0,0,0,0,0,0,0,1,0,1,0,0,0.455591348
0,0,1,0.842576997,0.696229306,0.380769384,0,0,1,0,0,0,0,0,0,1,0,0,0,0,0,0,0,0,0,0,0,0,1,0,0,1,0.454670962
0,0,1,0.741471285,0.313624679,0.556403358,0,0,1,0,0,0,0,0,0,1,0,0,0,0,0,0,0,0,0,0,1,0,0,1,0,0,0.569028992
0,0,1,0.666901803,0.364182005,0.475660588,0,0,1,0,0,0,0,0,0,1,0,0,0,0,0,0,1,0,0,0,0,0,0,1,0,0,0.608605614
0,0,0,0.676829262,0.469151671,0.207702043,0,0,1,0,0,0,0,0,0,1,0,0,0,0,0,0,0,0,1,0,0,0,0,1,0,0,0.612057064
0,0,0,0.705848997,0.670951157,0.239759186,0,0,1,0,0,0,0,0,0,1,0,0,0,0,0,0,0,0,0,1,0,0,0,0,0,1,0.561895996
0,0,1,0.712483054,0.616966581,0.205133348,0,0,1,0,0,0,0,0,0,1,0,0,0,0,0,0,0,1,0,0,0,0,0,1,0,0,0.520708698
0,0,1,0.757233406,0.614824679,0.341014403,0,0,1,0,0,0,0,0,0,1,0,0,0,0,0,0,0,0,0,0,0,1,0,1,0,0,0.553497469
0,0,1,0.850862349,0.639674036,0.235893775,0,0,1,0,0,0,0,0,0,1,0,0,0,0,0,0,0,0,0,0,0,0,1,1,0,0,0.503796595
0,0,1,0.890635189,0.584404113,0.262830021,0,0,1,0,0,0,0,0,0,1,0,0,0,0,0,0,0,0,0,0,1,0,0,0,0,1,0.447883111
0,0,1,0.819376173,0.622107969,0.243597797,0,0,1,0,0,0,0,0,0,1,0,0,0,0,0,0,1,0,0,0,0,0,0,1,0,0,0.525080534
0,0,0,0.786226888,0.673093059,0.273069753,0,0,1,0,0,0,0,0,0,1,0,0,0,0,0,0,0,0,1,0,0,0,0,1,0,0,0.568798896
0,0,0,0.74066139,0.769066324,0.291040307,0,0,1,0,0,0,0,0,0,1,0,0,0,0,0,0,0,0,0,1,0,0,0,1,0,0,0.510584445
0,0,1,0.685962576,0.508568638,0.583333419,0,0,1,0,0,0,0,0,0,1,0,0,0,0,0,0,0,1,0,0,0,0,0,1,0,0,0.575011505
0,0,1,0.672694462,0.521422108,0.508979402,0,0,1,0,0,0,0,0,0,1,0,0,0,0,0,0,0,0,0,0,0,1,0,1,0,0,0.560170272
0,0,1,0.66771695,0.485004627,0.299997753,0,0,1,0,0,0,0,0,0,1,0,0,0,0,0,0,0,0,0,0,0,0,1,1,0,0,0.593419236
0,0,1,0.677682475,0.707797429,0.37948916,0,0,1,0,0,0,0,0,0,1,0,0,0,0,0,0,0,0,0,0,1,0,0,0,0,1,0.43085596
0,0,1,0.684294217,0.756640617,0.24870014,0,0,1,0,0,0,0,0,0,1,0,0,0,0,0,0,1,0,0,0,0,0,0,1,0,0,0.554763
0,0,0,0.741487037,0.689374807,0.200004206,0,0,1,0,0,0,0,0,0,1,0,0,0,0,0,0,0,0,1,0,0,0,0,1,0,0,0.586401289
0,0,0,0.743970542,0.685518766,0.164116698,0,0,1,0,0,0,0,0,0,1,0,0,0,0,0,0,0,0,0,1,0,0,0,0,0,1,0.543258168
0,0,1,0.677682475,0.767352185,0.274358223,0,0,1,0,0,0,0,0,0,1,0,0,0,0,0,0,0,1,0,0,0,0,0,0,0,1,0.458812701
0,0,1,0.733206935,0.792202571,0.306415366,1,0,0,0,0,0,0,0,0,1,0,0,0,0,0,0,0,0,0,0,0,1,0,0,0,1,0.553727566
0,0,1,0.806954708,0.727506427,0.308965507,1,0,0,0,0,0,0,0,0,1,0,0,0,0,0,0,0,0,0,0,0,0,1,1,0,0,0.515991717
0,0,1,0.806959958,0.723221594,0.44614534,1,0,0,0,0,0,0,0,0,1,0,0,0,0,0,0,0,0,0,0,1,0,0,0,0,1,0.548550391
0,0,1,0.758064304,0.589545501,0.411554549,1,0,0,0,0,0,0,0,0,1,0,0,0,0,0,0,1,0,0,0,0,0,0,1,0,0,0.571675104
0,0,0,0.740645638,0.497000514,0.385879973,1,0,0,0,0,0,0,0,0,1,0,0,0,0,0,0,0,0,1,0,0,0,0,1,0,0,0.595950299
0,0,0,0.733184621,0.527848843,0.148723703,1,0,0,0,0,0,0,0,0,1,0,0,0,0,0,0,0,0,0,1,0,0,0,1,0,0,0.607800276
0,0,1,0.732364224,0.6769491,0.175636654,1,0,0,0,0,0,0,0,0,1,0,0,0,0,0,0,0,1,0,0,0,0,0,0,0,1,0.539116429
0,0,1,0.805286349,0.652099743,0.251285327,1,0,0,0,0,0,0,0,0,1,0,0,0,0,0,0,0,0,0,0,0,1,0,1,0,0,0.53221353
0,0,1,0.755576861,0.511996915,0.493596096,1,0,0,0,0,0,0,0,0,1,0,0,0,0,0,0,0,0,0,0,0,0,1,1,0,0,0.59859641
0,0,1,0.732369474,0.446444216,0.335868768,1,0,0,0,0,0,0,0,0,1,0,0,0,0,0,0,0,0,0,0,1,0,0,1,0,0,0.631960423
0,0,1,0.752261145,0.407455013,0.165370122,1,0,0,0,0,0,0,0,0,0,1,0,0,0,0,0,1,0,0,0,0,0,0,1,0,0,0.61435803
0,0,0,0.772142315,0.457154756,0.191044698,1,0,0,0,0,0,0,0,0,0,1,0,0,0,0,0,0,0,1,0,0,0,0,1,0,0,0.586401289
0,0,0,0.773805423,0.701799486,0.425641138,1,0,0,0,0,0,0,0,0,0,1,0,0,0,0,0,0,0,0,1,0,0,0,0,0,1,0.532328578
0,1,0,0.769660122,0.655955784,0.121811989,1,0,0,0,0,0,0,0,0,0,1,0,0,0,0,0,0,1,0,0,0,0,0,0,0,1,0.692705936
0,0,1,0.810248109,0.607112596,0.214125841,1,0,0,0,0,0,0,0,0,0,1,0,0,0,0,0,0,0,0,0,0,1,0,1,0,0,0.534169351
0,0,1,0.796196351,0.764352699,0.262830021,1,0,0,0,0,0,0,0,0,0,1,0,0,0,0,0,0,0,0,0,0,0,1,1,0,0,0.530027612
0,0,1,0.797821393,0.66966581,0.282037507,1,0,0,0,0,0,0,0,0,0,1,0,0,0,0,0,0,0,0,0,1,0,0,1,0,0,0.525770824
0,0,1,0.776309931,0.7793491,0.417953608,1,0,0,0,0,0,0,0,0,0,1,0,0,0,0,0,1,0,0,0,0,0,0,0,0,1,0.462264151
0,0,0,0.768007515,0.626392802,0.299997753,1,0,0,0,0,0,0,0,0,0,1,0,0,0,0,0,0,0,1,0,0,0,0,1,0,0,0.611366774
0,0,0,0.801961444,0.594686889,0.33207345,1,0,0,0,0,0,0,0,0,0,1,0,0,0,0,0,0,0,0,1,0,0,0,1,0,0,0.559019788
0,0,1,0.854176752,0.653812853,0.535890909,1,0,0,0,0,0,0,0,0,0,1,0,0,0,0,0,0,1,0,0,0,0,0,1,0,0,0.467556374
0,0,1,0.866608718,0.57497892,0.366672487,1,0,0,0,0,0,0,0,0,0,1,0,0,0,0,0,0,0,0,0,0,1,0,1,0,0,0.487344685
0,0,1,0.801146298,0.649529049,0.255099199,1,0,0,0,0,0,0,0,0,0,1,0,0,0,0,0,0,0,0,0,0,0,1,1,0,0,0.497008744
0,0,1,0.729870217,0.489717224,0.449986012,1,0,0,0,0,0,0,0,0,0,1,0,0,0,0,0,0,0,0,0,1,0,0,1,0,0,0.582374597
0,0,1,0.715781706,0.607969152,0.330758179,1,0,0,0,0,0,0,0,0,0,1,0,0,0,0,0,1,0,0,0,0,0,0,1,0,0,0.634606535
0,0,0,0.734016831,0.601542416,0.383346325,1,0,0,0,0,0,0,0,0,0,1,0,0,0,0,0,0,0,1,0,0,0,0,1,0,0,0.678900138
0,0,0,0.775456718,0.621251414,0.458986751,1,0,0,0,0,0,0,0,0,0,1,0,0,0,0,0,0,0,0,1,0,0,0,1,0,0,0.607455131
0,0,1,0.820207071,0.66966581,0.39872963,1,0,0,0,0,0,0,0,0,0,1,0,0,0,0,0,0,1,0,0,0,0,0,1,0,0,0.510354349
0,0,1,0.877377576,0.668809254,0.223077102,1,0,0,0,0,0,0,0,0,0,1,0,0,0,0,0,0,0,0,0,0,1,0,1,0,0,0.519903359
0,0,1,0.876551928,0.727077635,0.188478065,1,0,0,0,0,0,0,0,0,0,1,0,0,0,0,0,0,0,0,0,0,0,1,1,0,0,0.49585826
0,0,1,0.980933977,0.710796915,0.411546303,1,0,0,0,0,0,0,0,0,0,1,0,0,0,0,0,0,0,0,0,1,0,0,0,0,1,0.432811781
0,0,1,1,0.59682982,0.228230984,1,0,0,0,0,0,0,0,0,0,1,0,0,0,0,0,1,0,0,0,0,0,0,1,0,0,0.387137598
0,0,0,0.951945745,0.514138817,0.224357326,1,0,0,0,0,0,0,0,0,0,1,0,0,0,0,0,0,0,1,0,0,0,0,1,0,0,0.375402669
0,0,0,0.939530843,0.566409254,0.302593248,1,0,0,0,0,0,0,0,0,0,1,0,0,0,0,0,0,0,0,1,0,0,0,1,0,0,0.41233318
0,0,1,0.842565183,0.778491517,0.14104442,1,0,0,0,0,0,0,0,0,0,1,0,0,0,0,0,0,1,0,0,0,0,0,1,0,0,0.439254487
0,0,1,0.811089508,0.556126478,0.366680733,1,0,0,0,0,0,0,0,0,0,1,0,0,0,0,0,0,0,0,0,0,1,0,1,0,0,0.525540727
0,0,1,0.802804156,0.41431054,0.332056957,1,0,0,0,0,0,0,0,0,0,1,0,0,0,0,0,0,0,0,0,0,0,1,1,0,0,0.533133916
0,0,1,0.867429115,0.599828278,0.321782179,1,0,0,0,0,0,0,0,0,0,1,0,0,0,0,0,0,0,0,0,1,0,0,1,0,0,0.502531063
0,0,1,0.927898272,0.557840617,0.312832979,1,0,0,0,0,0,0,0,0,0,1,0,0,0,0,0,1,0,0,0,0,0,0,1,0,0,0.439944777
0,0,0,0.852513644,0.479005656,0.301286223,1,0,0,0,0,0,0,0,0,0,1,0,0,0,0,0,0,0,1,0,0,0,0,1,0,0,0.51231017
0,0,0,0.854166251,0.49442982,0.293609001,1,0,0,0,0,0,0,0,0,0,1,0,0,0,0,0,0,0,0,1,0,0,0,1,0,0,0.492406811
0,0,1,0.819376173,0.566409254,0.276918672,1,0,0,0,0,0,0,0,0,0,0,1,0,0,0,0,0,1,0,0,0,0,0,1,0,0,0.488265071
0,0,1,0.824336621,0.505141388,0.378208935,1,0,0,0,0,0,0,0,0,0,0,1,0,0,0,0,0,0,0,0,0,1,0,1,0,0,0.554878049
0,0,1,0.788719582,0.676092545,0.233349819,1,0,0,0,0,0,0,0,0,0,0,1,0,0,0,0,0,0,0,0,0,0,1,0,0,1,0.408651634
0,0,1,0.768834475,0.778920308,0.360273428,1,0,0,0,0,0,0,0,0,0,0,1,0,0,0,0,0,0,0,0,1,0,0,0,0,1,0.523930051
0,0,1,0.758043302,0.648671465,0.334598852,1,0,0,0,0,0,0,0,0,0,0,1,0,0,0,0,1,0,0,0,0,0,0,1,0,0,0.557294064
0,0,0,0.783753884,0.776349614,0.424387714,1,0,0,0,0,0,0,0,0,0,0,1,0,0,0,0,0,0,1,0,0,0,0,0,0,1,0.491486424
0,0,0,0.835127793,0.774207712,0.369214381,1,0,0,0,0,0,0,0,0,0,0,1,0,0,0,0,0,0,0,1,0,0,0,1,0,0,0.432926829
0,0,1,0.819364359,0.608825707,0.350017204,1,0,0,0,0,0,0,0,0,0,0,1,0,0,0,0,0,1,0,0,0,0,0,1,0,0,0.495167971
0,0,1,0.846717047,0.586547044,0.265382223,1,0,0,0,0,0,0,0,0,0,0,1,0,0,0,0,0,0,0,0,0,1,0,1,0,0,0.526921307
0,0,1,0.795343139,0.43616144,0.366680733,1,0,0,0,0,0,0,0,0,0,0,1,0,0,0,0,0,0,0,0,0,0,1,1,0,0,0.547399908
0,0,1,0.751419746,0.435732648,0.293573955,1,0,0,0,0,0,0,0,0,0,0,1,0,0,0,0,0,0,0,0,1,0,0,1,0,0,0.548780488
0,0,1,0.754728899,0.426735219,0.212812632,1,0,0,0,0,0,0,0,0,0,0,1,0,0,0,0,1,0,0,0,0,0,0,1,0,0,0.561780948
0,0,0,0.743986294,0.750213882,0.389761876,1,0,0,0,0,0,0,0,0,0,0,1,0,0,0,0,0,0,1,0,0,0,0,0,0,1,0.474919466
0,0,0,0.71580402,0.840616967,0.412807973,1,0,0,0,0,0,0,0,0,0,0,1,0,0,0,0,0,0,0,1,0,0,0,0,0,1,0.43695352
0,0,1,0.705012848,0.732219023,0.384607995,1,0,0,0,0,0,0,0,0,0,0,1,0,0,0,0,0,1,0,0,0,0,0,1,0,0,0.49654855
0,0,1,0.743958729,0.594686889,0.441042997,1,0,0,0,0,0,0,0,0,0,0,1,0,0,0,0,0,0,0,0,0,1,0,1,0,0,0.54107225
0,0,1,0.771306166,0.591688432,0.25001541,1,0,0,0,0,0,0,0,0,0,0,1,0,0,0,0,0,0,0,0,0,0,1,1,0,0,0.537505752
0,0,1,0.765513508,0.673093059,0.434608892,1,0,0,0,0,0,0,0,0,0,0,1,0,0,0,0,0,0,0,0,1,0,0,1,0,0,0.435227796
0,0,1,0.727398525,0.743359383,0.241029102,1,0,0,0,0,0,0,0,0,0,0,1,0,0,0,0,1,0,0,0,0,0,0,0,0,1,0.475264611
0,0,0,0.748105343,0.693230848,0.169202548,1,0,0,0,0,0,0,0,0,0,0,1,0,0,0,0,0,0,1,0,0,0,0,1,0,0,0.594684768
0,0,0,0.782928237,0.791773779,0.466657788,1,0,0,0,0,0,0,0,0,0,0,1,0,0,0,0,0,0,0,1,0,0,0,1,0,0,0.443051081
0,0,1,0.734005017,0.483290488,0.524373015,1,0,0,0,0,0,0,0,0,0,0,1,0,0,0,0,0,1,0,0,0,0,0,1,0,0,0.544868845
0,0,1,0.691755235,0.468295116,0.256397977,1,0,0,0,0,0,0,0,0,0,0,1,0,0,0,0,0,0,0,0,0,1,0,1,0,0,0.675678785
0,0,1,0.724078872,0.622107969,0.475633788,1,0,0,0,0,0,0,0,0,0,0,1,0,0,0,0,0,0,0,0,0,0,1,1,0,0,0.58766682
0,0,1,0.743981043,0.793487918,0.388481652,1,0,0,0,0,0,0,0,0,0,0,1,0,0,0,0,0,0,0,0,1,0,0,0,0,1,0.404970087
0,0,1,0.762199105,0.78277635,0.126931443,1,0,0,0,0,0,0,0,0,0,0,1,0,0,0,0,1,0,0,0,0,0,0,1,0,0,0.533709158
0,0,0,0.730463528,0.87403599,0.728192536,1,0,0,0,0,0,0,0,0,0,0,1,0,0,0,0,0,0,1,0,0,0,0,0,0,1,0.125747814
0,0,0,0.74674414,0.577650386,0.581908886,1,0,0,0,0,0,0,0,0,0,0,1,0,0,0,0,0,0,0,1,0,0,0,1,0,0,0.496088357
0,0,1,0.694237427,0.570265296,0.283325977,1,0,0,0,0,0,0,0,0,0,0,1,0,0,0,0,0,1,0,0,0,0,0,1,0,0,0.530602853
0,0,1,0.676839763,0.56383856,0.2115489,1,0,0,0,0,0,0,0,0,0,0,1,0,0,0,0,0,0,0,0,0,1,0,1,0,0,0.596180396
0,0,1,0.698389292,0.614824679,0.125634314,1,0,0,0,0,0,0,0,0,0,0,1,0,0,0,0,0,0,0,0,0,0,1,1,0,0,0.579383341
0,0,1,0.703377305,0.657241131,0.246158245,1,0,0,0,0,0,0,0,0,0,0,0,1,0,0,0,0,0,0,0,1,0,0,1,0,0,0.585941095
0,0,1,0.690102627,0.747643188,0.242309326,1,0,0,0,0,0,0,0,0,0,0,0,1,0,0,0,1,0,0,0,0,0,0,0,0,1,0.541302347
0,0,0,0.727388024,0.736932648,0.335895568,1,0,0,0,0,0,0,0,0,0,0,0,1,0,0,0,0,0,1,0,0,0,0,1,0,0,0.513345605
0,0,0,0.769675874,0.763067352,0.379480913,1,0,0,0,0,0,0,0,0,0,0,0,1,0,0,0,0,0,0,1,0,0,0,1,0,0,0.565807639
0,1,0,0.717455315,0.812768123,0.392322325,1,0,0,0,0,0,0,0,0,0,0,0,1,0,0,0,0,1,0,0,0,0,0,0,0,1,0.382995858
0,0,1,0.57248003,0.912038046,0.662894919,1,0,0,0,0,0,0,0,0,0,0,0,1,0,0,0,0,0,0,0,0,1,0,0,1,0,0.309249885
0,0,1,0.610584511,0.943015938,0.153851815,1,0,0,0,0,0,0,0,0,0,0,0,1,0,0,0,0,0,0,0,0,0,1,0,1,0,0.227105384
0,0,1,0.625196764,0.966133676,0.351198473,1,0,0,0,0,0,0,0,0,0,0,0,1,0,0,0,0,0,0,0,1,0,0,0,1,0,0.209387943
0,0,1,0.656155261,0.923307969,0.210252184,1,0,0,0,0,0,0,0,0,0,0,0,1,0,0,0,1,0,0,0,0,0,0,0,0,1,0.405200184
0,0,0,0.694242678,0.775064267,0.270509305,1,0,0,0,0,0,0,0,0,0,0,0,1,0,0,0,0,0,1,0,0,0,0,1,0,0,0.612402209
0,0,0,0.695905786,0.733933162,0.191028206,1,0,0,0,0,0,0,0,0,0,0,0,1,0,0,0,0,0,0,1,0,0,0,1,0,0,0.578002761
0,0,1,0.686587391,0.711747044,0.137137159,1,0,0,0,0,0,0,0,0,0,0,0,1,0,0,0,0,1,0,0,0,0,0,1,0,0,0.539691671
0,0,1,0.688456583,0.732647815,0.246174738,1,0,0,0,0,0,0,0,0,0,0,0,1,0,0,0,0,0,0,0,0,1,0,1,0,0,0.545444087
0,0,1,0.71910136,0.716794859,0.298736083,1,0,0,0,0,0,0,0,0,0,0,0,1,0,0,0,0,0,0,0,0,0,1,1,0,0,0.54797515
0,0,1,0.622978411,0.729220566,0.512820074,1,0,0,0,0,0,0,0,0,0,0,0,1,0,0,0,0,0,0,0,1,0,0,0,0,1,0.418430741
0,0,1,0.501958714,0.607112596,0.292310223,1,0,0,0,0,0,0,0,0,0,0,0,1,0,0,0,1,0,0,0,0,0,0,0,0,1,0.545098942
0,0,0,0.524322077,0.738645758,0.344863322,1,0,0,0,0,0,0,0,0,0,0,0,1,0,0,0,0,0,1,0,0,0,0,0,0,1,0.51645191
0,0,0,0.540106512,0.714652956,0.321790425,1,0,0,0,0,0,0,0,0,0,0,0,1,0,0,0,0,0,0,1,0,0,0,1,0,0,0.489185458
0,0,1,0.591480421,0.709511568,0.266662447,1,0,0,0,0,0,0,0,0,0,0,0,1,0,0,0,0,1,0,0,0,0,0,0,0,1,0.519673263
0,0,1,0.594817139,0.906169666,0.232053102,1,0,0,0,0,0,0,0,0,0,0,0,1,0,0,0,0,0,0,0,0,1,0,0,0,1,0.416359871
0,0,1,0.618859362,0.925449871,0.152580662,1,0,0,0,0,0,0,0,0,0,0,0,1,0,0,0,0,0,0,0,0,0,1,0,0,1,0.498159227
0,0,1,0.624674335,0.927591774,0.21797476,1,0,0,0,0,0,0,0,0,0,0,0,1,0,0,0,0,0,0,0,1,0,0,0,0,1,0.549125633
0,0,1,0.581570027,1,0.115395407,0,0,0,1,0,0,0,0,0,0,0,0,1,0,0,0,1,0,0,0,0,0,0,0,0,1,0.273009664
0,0,0,0.637077423,0.88688946,0.115429629,0,0,0,1,0,0,0,0,0,0,0,0,1,0,0,0,0,0,1,0,0,0,0,0,0,1,0.621375978
0,0,0,0.647873846,0.868894602,0.057697703,0,0,0,1,0,0,0,0,0,0,0,0,1,0,0,0,0,0,0,1,0,0,0,0,0,1,0.573861022
0,0,1,0.669407624,0.872321851,0.182052206,0,0,0,1,0,0,0,0,0,0,0,0,1,0,0,0,0,1,0,0,0,0,0,0,0,1,0.53014266
0,0,1,0.650352101,0.910454499,0.197454065,0,0,0,1,0,0,0,0,0,0,0,0,1,0,0,0,0,0,0,0,0,1,0,0,0,1,0.471468017
0,0,1,0.651182999,0.872750643,0.260244834,0,0,0,1,0,0,0,0,0,0,0,0,1,0,0,0,0,0,0,0,0,0,1,0,0,1,0.446962724
0,0,1,0.650335037,0.718937789,0.310245731,0,0,0,1,0,0,0,0,0,0,0,0,1,0,0,0,0,0,0,0,1,0,0,1,0,0,0.554187759
0,0,1,0.611372092,0.665809769,0.379497406,0,0,0,1,0,0,0,0,0,0,0,0,1,0,0,0,1,0,0,0,0,0,0,1,0,0,0.595950299
0,0,0,0.438148901,0.775064267,0.556421912,0,0,0,1,0,0,0,0,0,0,0,0,0,1,0,0,0,0,1,0,0,0,0,0,0,1,0.276921307
0,0,0,0.349485657,0.81405347,0.41152981,0,0,0,1,0,0,0,0,0,0,0,0,0,1,0,0,0,0,0,1,0,0,0,0,0,1,0.333179936
0,0,1,0.410823778,0.782347558,0.125660083,0,0,0,1,0,0,0,0,0,0,0,0,0,1,0,0,0,1,0,0,0,0,0,0,0,1,0.40819144
0,0,1,0.516900438,0.730077121,0.378217182,0,0,0,1,0,0,0,0,0,0,0,0,0,1,0,0,0,0,0,0,0,1,0,1,0,0,0.510124252
0,0,1,0.588150266,0.66623856,0.319248531,0,0,0,1,0,0,0,0,0,0,0,0,0,1,0,0,0,0,0,0,0,0,1,1,0,0,0.552692131
0,0,1,0.526833147,0.638388689,0.232053102,0,0,0,1,0,0,0,0,0,0,0,0,0,1,0,0,0,0,0,0,1,0,0,1,0,0,0.545674183
0,0,1,0.558308822,0.703513625,0,0,0,0,1,0,0,0,0,0,0,0,0,0,1,0,0,1,0,0,0,0,0,0,1,0,0,0.570984814
0,0,0,0.56990989,0.721079692,0.047441479,0,0,0,1,0,0,0,0,0,0,0,0,0,1,0,0,0,0,1,0,0,0,0,1,0,0,0.619765301
0,0,0,0.584008903,0.748071979,0.084643845,0,0,0,1,0,0,0,0,0,0,0,0,0,1,0,0,0,0,0,1,0,0,0,1,0,0,0.63150023
0,1,0,0.608872835,0.754498715,0.041050666,0,0,0,1,0,0,0,0,0,0,0,0,0,1,0,0,0,1,0,0,0,0,0,1,0,0,0.586171192
0,0,1,0.613035201,0.831619537,0.24872694,0,0,0,1,0,0,0,0,0,0,0,0,0,1,0,0,0,0,0,0,0,1,0,0,0,1,0.522434422
0,0,1,0.575783932,0.931876607,0.46541261,0,0,0,1,0,0,0,0,0,0,0,0,0,1,0,0,0,0,0,0,0,0,1,0,1,0,0.275425679
0,0,1,0.620527721,0.922022622,0.246139691,0,0,0,1,0,0,0,0,0,0,0,0,0,1,0,0,0,0,0,0,1,0,0,0,0,1,0.332604694
0,0,1,0.591480421,0.736503856,0.415384914,0,0,0,1,0,0,0,0,0,0,0,0,0,1,0,0,1,0,0,0,0,0,0,0,0,1,0.416705016
0,0,0,0.550854368,0.497000514,0.485890012,0,0,0,1,0,0,0,0,0,0,0,0,0,1,0,0,0,0,1,0,0,0,0,1,0,0,0.597676024
0,0,0,0.556668028,0.500428792,0.534612747,0,0,0,1,0,0,0,0,0,0,0,0,0,1,0,0,0,0,0,1,0,0,0,1,0,0,0.57742752
0,0,1,0.566605988,0.595972237,0.315391366,0,0,0,1,0,0,0,0,0,0,0,0,0,1,0,0,0,1,0,0,0,0,0,1,0,0,0.523239761
0,0,1,0.582352357,0.721508483,0.180788474,0,0,0,1,0,0,0,0,0,0,0,0,0,1,0,0,0,0,0,0,0,1,0,0,0,1,0.543718362
0,0,1,0.570705347,0.92053162,0.455494481,0,0,0,1,0,0,0,0,0,0,0,0,0,1,0,0,0,0,0,0,0,0,1,0,1,0,0.276346065
0,0,1,0.508587521,0.654241645,0.824380457,0,0,0,1,0,0,0,0,0,0,0,0,0,1,0,0,0,0,0,0,1,0,0,1,0,0,0.480096641
0,0,1,0.452237413,0.590403085,0.410257832,0,0,0,1,0,0,0,0,0,0,0,0,0,1,0,0,1,0,0,0,0,0,0,1,0,0,0.492636908
0,0,0,0.454726169,0.646958355,0.144875609,0,0,0,1,0,0,0,0,0,0,0,0,0,1,0,0,0,0,1,0,0,0,0,1,0,0,0.493097101
0,0,0,0.450579555,0.762210797,0.158988586,0,0,0,1,0,0,0,0,0,0,0,0,0,1,0,0,0,0,0,1,0,0,0,1,0,0,0.501495628
0,0,1,0.496172619,0.793915681,0.198734289,0,0,0,1,0,0,0,0,0,0,0,0,0,1,0,0,0,1,0,0,0,0,0,1,0,0,0.479176254
0,0,1,0.50445272,0.64053162,0.297412566,0,0,0,1,0,0,0,0,0,0,0,0,0,1,0,0,0,0,0,0,0,1,0,1,0,0,0.536700414
0,0,1,0.516884687,0.740788689,0.260271634,0,0,0,1,0,0,0,0,0,0,0,0,0,1,0,0,0,0,0,0,0,0,1,0,0,1,0.445467096
0,0,1,0.496145054,0.83590437,0.36153716,0,0,0,1,0,0,0,0,0,0,0,0,0,1,0,0,0,0,0,0,1,0,0,0,0,1,0.303382421
0,0,1,0.314694266,0.602398972,0.426921362,0,0,0,1,0,0,0,0,0,0,0,0,0,1,0,0,1,0,0,0,0,0,0,0,0,1,0.428554993
0,0,0,0.195377057,0.907455013,0.678208131,0,0,0,1,0,0,0,0,0,0,0,0,0,1,0,0,0,0,1,0,0,0,0,0,1,0,0.069604234
0,0,0,0.317998169,0.641388175,0.317943568,0,0,0,1,0,0,0,0,0,0,0,0,0,1,0,0,0,0,0,1,0,0,0,1,0,0,0.380694892
0,0,1,0.363591233,0.723221594,0.173084452,0,0,0,1,0,0,0,0,0,0,0,0,0,1,0,0,0,1,0,0,0,0,0,1,0,0,0.419581224
0,0,1,0.417442084,0.703084833,0.23332508,0,0,0,1,0,0,0,0,0,0,0,0,0,0,1,0,0,0,0,0,0,1,0,1,0,0,0.465485504
0,0,1,0.408312707,0.73907455,0.12307469,0,0,0,1,0,0,0,0,0,0,0,0,0,0,1,0,0,0,0,0,0,0,1,1,0,0,0.479061206
0,0,1,0.429036589,0.721936247,0.235893775,0,0,0,1,0,0,0,0,0,0,0,0,0,0,1,0,0,0,0,0,1,0,0,1,0,0,0.454670962
0,0,1,0.425716935,0.640102828,0.514125037,0,0,0,1,0,0,0,0,0,0,0,0,0,0,1,0,1,0,0,0,0,0,0,0,0,1,0.462954441
0,0,0,0.321312572,0.533847815,0.34359959,0,0,0,1,0,0,0,0,0,0,0,0,0,0,1,0,0,0,1,0,0,0,0,1,0,0,0.449148642
0,0,0,0.37185427,0.75535527,0.143612908,0,0,0,1,0,0,0,0,0,0,0,0,0,0,1,0,0,0,0,1,0,0,0,1,0,0,0.417280258
0,0,1,0.422407782,0.780205656,0.07181068,0,0,0,1,0,0,0,0,0,0,0,0,0,0,1,0,0,1,0,0,0,0,0,1,0,0,0.461688909
0,0,1,0.437339005,0.742074036,0.09616277,0,0,0,1,0,0,0,0,0,0,0,0,0,0,1,0,0,0,0,0,0,1,0,1,0,0,0.481247124
0,0,1,0.43318189,0.779776864,0.082058246,0,0,0,1,0,0,0,0,0,0,0,0,0,0,1,0,0,0,0,0,0,0,1,1,0,0,0.470202485
0,0,1,0.386769742,0.836332134,0.343609898,0,0,0,1,0,0,0,0,0,0,0,0,0,0,1,0,0,0,0,0,1,0,0,0,0,1,0.33490566
0,1,0,0.298949209,0.458868895,0.602557397,0,0,0,1,0,0,0,0,0,0,0,0,0,0,1,0,1,0,0,0,0,0,0,1,0,0,0.38495168
0,0,0,0.366057674,0.568552185,0.3910153,0,0,0,1,0,0,0,0,0,0,0,0,0,0,1,0,0,0,1,0,0,0,0,1,0,0,0.465370456
0,0,0,0.461365476,0.471293573,0.534620993,0,0,0,1,0,0,0,0,0,0,0,0,0,0,1,0,0,0,0,1,0,0,0,1,0,0,0.425103543
0,0,1,0.58483455,0.603684319,0.585902114,0,0,0,1,0,0,0,0,0,0,0,0,0,0,1,0,0,1,0,0,0,0,0,1,0,0,0.513575702
0,0,1,0.562476438,0.708226221,0.365392263,0,0,0,1,0,0,0,0,0,0,0,0,0,0,1,0,0,0,0,0,0,1,0,0,0,1,0.480096641
0,0,1,0.489505746,0.956298201,0.235918513,0,0,0,1,0,0,0,0,0,0,0,0,0,0,1,0,0,0,0,0,0,0,1,0,1,0,0.206511735
0,0,1,0.320481674,0.592116195,0.583358158,0,0,0,1,0,0,0,0,0,0,0,0,0,0,1,0,0,0,0,0,1,0,0,0,0,1,0.348711459
0,0,1,0.254193606,0.42159383,0.301277977,0,0,0,1,0,0,0,0,0,0,0,0,0,0,1,0,1,0,0,0,0,0,0,1,0,0,0.387712839
0,0,0,0.322138219,0.51628072,0.416648645,0,0,0,1,0,0,0,0,0,0,0,0,0,0,1,0,0,0,1,0,0,0,0,1,0,0,0.418890934
0,0,0,0.496160805,0.703941388,0.337184039,0,0,0,1,0,0,0,0,0,0,0,0,0,0,1,0,0,0,0,1,0,0,0,0,0,1,0.402439024
0,0,1,0.480414436,0.935732648,0.238443915,0,0,0,1,0,0,0,0,0,0,0,0,0,0,1,0,0,1,0,0,0,0,0,0,1,0,0.315577543
0,0,1,0.449743406,0.989717224,0.198734289,0,0,0,1,0,0,0,0,0,0,0,0,0,0,1,0,0,0,0,0,0,1,0,0,1,0,0.182351588
0,0,1,0.461348412,0.7793491,0.646159235,0,0,0,1,0,0,0,0,0,0,0,0,0,0,1,0,0,0,0,0,0,0,1,0,0,1,0.292682927
0,1,0,0.385128948,0.564696144,0.298744329,0,0,0,1,0,0,0,0,0,0,0,0,0,0,1,0,0,0,0,0,1,0,0,1,0,0,0.169466176
0,0,1,0.395892555,0.661953728,0.157717226,0,0,0,1,0,0,0,0,0,0,0,0,0,0,1,0,1,0,0,0,0,0,0,1,0,0,0.318683847
0,0,0,0.401689151,0.700942931,0.094891411,0,0,0,1,0,0,0,0,0,0,0,0,0,0,1,0,0,0,1,0,0,0,0,1,0,0,0.350437184
0,0,0,0.49450951,0.718080206,0.384607995,0,0,0,1,0,0,0,0,0,0,0,0,0,0,1,0,0,0,0,1,0,0,0,1,0,0,0.350782329
0,0,1,0.539561769,0.764054499,0.246830311,0,0,0,1,0,0,0,0,0,0,0,0,0,0,1,0,0,1,0,0,0,0,0,1,0,0,0.442360792
0,0,1,0.4887011,0.854326992,0.485908566,0,0,0,1,0,0,0,0,0,0,0,0,0,0,1,0,0,0,0,0,0,1,0,0,0,1,0.332719742
0,0,1,0.304730054,0.630676607,0.512844813,0,0,0,1,0,0,0,0,0,0,0,0,0,0,1,0,0,0,0,0,0,0,1,1,0,0,0.413138518
0,0,1,0.297291351,0.539416967,0.40770563,0,0,0,1,0,0,0,0,0,0,0,0,0,0,0,1,0,0,0,0,1,0,0,1,0,0,0.426254027
0,0,1,0.331261033,0.643530077,0.161548003,0,0,0,1,0,0,0,0,0,0,0,0,0,0,0,1,1,0,0,0,0,0,0,1,0,0,0.450759319
0,0,0,0.303920158,0.630248843,0.151300644,0,0,0,1,0,0,0,0,0,0,0,0,0,0,0,1,0,0,1,0,0,0,0,1,0,0,0.413253566
0,0,0,0.354451355,0.797771722,0.126922784,0,0,0,1,0,0,0,0,0,0,0,0,0,0,0,1,0,0,0,1,0,0,0,1,0,0,0.398412333
0,0,1,0.413290219,0.850470951,0.082084015,0,0,0,1,0,0,0,0,0,0,0,0,0,0,0,1,0,1,0,0,0,0,0,0,0,1,0.435918086
0,0,1,0.495297091,0.976434961,0.433320421,0,0,0,1,0,0,0,0,0,0,0,0,0,0,0,1,0,0,0,0,0,1,0,0,1,0,0.29590428
0,0,1,0.421587385,0.997858098,0.502572096,0,0,0,1,0,0,0,0,0,0,0,0,0,0,0,1,0,0,0,0,0,0,1,0,1,0,0.078578003
0,0,1,0.233476288,0.596401028,0.448730527,0,0,0,1,0,0,0,0,0,0,0,0,0,0,0,1,0,0,0,0,1,0,0,1,0,0,0.379659457
0,0,1,0.31302722,0.715509512,0.124363161,0,0,0,1,0,0,0,0,0,0,0,0,0,0,0,1,1,0,0,0,0,0,0,1,0,0,0.413943856
0,0,0,0.245912192,0.5218509,0.434635692,0,0,0,1,0,0,0,0,0,0,0,0,0,0,0,1,0,0,1,0,0,0,0,1,0,0,0.364473079
0,0,0,0.228509277,0.503856041,0.091017547,0,0,0,1,0,0,0,0,0,0,0,0,0,0,0,1,0,0,0,1,0,0,0,1,0,0,0.31304648
0,0,1,0.250879203,0.689802571,0.084643845,0,0,0,1,0,0,0,0,0,0,0,0,0,0,0,1,0,1,0,0,0,0,0,1,0,0,0.378278877
0,0,1,0.291494755,0.606683805,0.243589551,0,0,0,1,0,0,0,0,0,0,0,0,0,0,0,1,0,0,0,0,0,1,0,1,0,0,0.402784169
0,0,1,0.340356281,0.68251928,0.079507075,0,0,0,1,0,0,0,0,0,0,0,0,0,0,0,1,0,0,0,0,0,0,1,0,0,1,0.427749655
0,0,1,0.437327192,0.652099743,0.506421015,0,0,0,1,0,0,0,0,0,0,0,0,0,0,0,1,0,0,0,0,1,0,0,0,0,1,0.424183157
0,0,1,0.368529366,0.514567609,0.491027402,0,0,0,1,0,0,0,0,0,0,0,0,0,0,0,1,1,0,0,0,0,0,0,0,0,1,0.408996779
0,0,0,0.223543579,0.576692031,0.455139894,0,0,0,1,0,0,0,0,0,0,0,0,0,0,0,1,0,0,1,0,0,0,0,0,0,1,0.312586286
0,0,0,0.218566067,0.602827763,0.303846672,0,0,0,1,0,0,0,0,0,0,0,0,0,0,0,1,0,0,0,1,0,0,0,1,0,0,0.277151404
0,0,1,0.264972965,0.655526992,0.310272531,0,0,0,1,0,0,0,0,0,0,0,0,0,0,0,1,0,1,0,0,0,0,0,1,0,0,0.388978371
0,0,1,0.416609873,0.612253985,0.080769775,0,0,0,1,0,0,0,0,0,0,0,0,0,0,0,1,0,0,0,0,0,1,0,0,0,1,0.428900138
0,0,1,0.458040572,0.882604627,0.410266078,0,1,0,0,0,0,0,0,0,0,0,0,0,0,0,1,0,0,0,0,0,0,1,0,0,1,0.303497469
0,0,1,0.455551816,0.778920308,0.051298232,0,1,0,0,0,0,0,0,0,0,0,0,0,0,0,1,0,0,0,0,1,0,0,0,0,1,0.350437184
0,0,1,0.391747254,0.705655527,0.519210887,0,1,0,0,0,0,0,0,0,0,0,0,0,0,0,1,1,0,0,0,0,0,0,1,0,0,0.251610676
0,0,0,0.289005999,0.557840617,0.346160039,0,1,0,0,0,0,0,0,0,0,0,0,0,0,0,1,0,0,1,0,0,0,0,1,0,0,0.113782789
0,0,0,0.263697084,0.700569666,0.273566587,0,1,0,0,0,0,0,0,0,0,0,0,0,0,0,1,0,0,0,1,0,0,0,1,0,0,0.08421537
0,1,0,0.310392761,0.521292545,0.447508026,0,1,0,0,0,0,0,0,0,0,0,0,0,0,0,1,0,1,0,0,0,0,0,1,0,0,0.148987575
0,0,1,0.32627302,0.784061697,0.34233792,0,1,0,0,0,0,0,0,0,0,0,0,0,0,0,1,0,0,0,0,0,1,0,0,0,1,0.131155085
0,0,1,0.263714148,0.518162468,0.559854397,0,1,0,0,0,0,0,0,0,0,0,0,0,0,0,1,0,0,0,0,0,0,1,1,0,0,0.26231017
0,0,1,0.242604352,0.590403085,0.200012452,0,1,0,0,0,0,0,0,0,0,0,0,0,0,0,1,0,0,0,0,1,0,0,1,0,0,0.276231017
0,0,1,0.314694266,0.654670437,0.230781124,0,1,0,0,0,0,0,0,0,0,0,0,0,0,0,1,1,0,0,0,0,0,0,1,0,0,0.34249885
0,0,0,0.439800196,0.633247301,0.407697384,0,1,0,0,0,0,0,0,0,0,0,0,0,0,0,1,0,0,1,0,0,0,0,1,0,0,0.283364013
1,0,0,0.389263748,0.712082262,0.350000711,0,1,0,0,1,0,0,0,0,0,0,0,0,0,0,0,0,0,0,1,0,0,0,1,0,0,0.261389784
1,1,0,0.227393537,0.392086375,0.633460071,0,1,0,0,1,0,0,0,0,0,0,0,0,0,0,0,0,1,0,0,0,0,0,1,0,0,0.22192821
1,0,1,0.06196346,0.453727506,0.707688334,0,1,0,0,1,0,0,0,0,0,0,0,0,0,0,0,0,0,0,0,0,1,0,1,0,0,0.254716981
1,0,1,0.052856399,0.426306427,0.334607098,0,1,0,0,1,0,0,0,0,0,0,0,0,0,0,0,0,0,0,0,0,0,1,0,0,1,0.269903359
1,0,1,0.261663812,0.538989203,0.221813371,0,1,0,0,1,0,0,0,0,0,0,0,0,0,0,0,0,0,0,0,1,0,0,1,0,0,0.373907041
1,0,1,0.34285685,0.557411825,0.299989507,0,1,0,0,1,0,0,0,0,0,0,0,0,0,0,0,1,0,0,0,0,0,0,1,0,0,0.468936954
1,0,0,0.40916067,0.546701285,0.314111142,0,1,0,0,1,0,0,0,0,0,0,0,0,0,0,0,0,0,1,0,0,0,0,1,0,0,0.517602393
1,0,0,0.342845037,0.4781491,0.348712241,0,1,0,0,1,0,0,0,0,0,0,0,0,0,0,0,0,0,0,1,0,0,0,1,0,0,0.391509434
1,0,1,0.221060074,0.721508483,0.157725885,0,1,0,0,1,0,0,0,0,0,0,0,0,0,0,0,0,1,0,0,0,0,0,0,0,1,0.270823746
1,0,1,0.314712643,0.664804113,0.340486646,0,1,0,0,1,0,0,0,0,0,0,0,0,0,0,0,0,0,0,0,0,1,0,1,0,0,0.411412793
1,0,1,0.26745122,0.871465296,0.224357326,0,1,0,0,1,0,0,0,0,0,0,0,0,0,0,0,0,0,0,0,0,0,1,0,0,1,0.24792913
1,0,1,0.397555664,0.825621594,0.326911322,0,1,0,0,1,0,0,0,0,0,0,0,0,0,0,0,0,0,0,0,1,0,0,0,0,1,0.468821905
1,0,1,0.223531765,0.5218509,0.733327863,0,1,0,0,1,0,0,0,0,0,0,0,0,0,0,0,1,0,0,0,0,0,0,1,0,0,0.367234238
1,0,0,0.13653688,0.470437018,0.339725933,0,1,0,0,1,0,0,0,0,0,0,0,0,0,0,0,0,0,1,0,0,0,0,1,0,0,0.284284399
1,0,0,0.108365108,0.431020051,0.471819916,0,1,0,0,1,0,0,0,0,0,0,0,0,0,0,0,0,0,0,1,0,0,0,1,0,0,0.263345605
1,1,0,0.146481403,0.537275064,0.430795019,0,1,0,0,1,0,0,0,0,0,0,0,0,0,0,0,0,1,0,0,0,0,0,1,0,0,0.261849977
1,0,1,0.374374529,0.736336247,0.673588192,0,1,0,0,1,0,0,0,0,0,0,0,0,0,0,0,0,0,0,0,0,1,0,0,0,1,0.335135757
1,0,1,0.257518511,0.455869409,0.810267068,0,1,0,0,1,0,0,0,0,0,0,0,0,0,0,0,0,0,0,0,0,0,1,1,0,0,0.385872066
1,0,1,0.145661006,0.511568123,0.40770563,0,1,0,0,1,0,0,0,0,0,0,0,0,0,0,0,0,0,0,0,1,0,0,1,0,0,0.376208007
1,0,1,0.186247681,0.462724936,0.371818122,0,1,0,0,1,0,0,0,0,0,0,0,0,0,0,0,1,0,0,0,0,0,0,0,0,1,0.361366774
1,0,0,0.125757522,0.854755784,0.412826527,0,1,0,0,1,0,0,0,0,0,0,0,0,0,0,0,0,0,1,0,0,0,0,0,0,1,0.147146802
1,0,0,0.109185505,0.818766067,0.365402571,0,1,0,0,1,0,0,0,0,0,0,0,0,0,0,0,0,0,0,1,0,0,0,0,0,1,0.224919466
1,0,1,0.215256914,0.937017995,0.182068698,0,1,0,0,1,0,0,0,0,0,0,0,0,0,0,0,0,1,0,0,0,0,0,0,0,1,0.277266452
1,0,1,0.354461856,0.85946838,0.208990513,0,1,0,0,1,0,0,0,0,0,0,0,0,0,0,0,0,0,0,0,0,1,0,1,0,0,0.496663599
1,0,1,0.28320284,0.661953728,0.285894672,0,1,0,0,1,0,0,0,0,0,0,0,0,0,0,0,0,0,0,0,0,0,1,1,0,0,0.488725265
1,0,1,0.363574169,0.791344987,0.105147635,0,1,0,0,1,0,0,0,0,0,0,0,0,0,0,0,0,0,0,0,1,0,0,0,0,1,0.466290842
1,0,1,0.441456741,0.762210797,0.660264378,0,1,0,0,1,0,0,0,0,0,0,0,0,0,0,0,1,0,0,0,0,0,0,0,0,1,0.395075932
1,0,0,0.324626975,0.558697172,0.388473406,0,1,0,0,1,0,0,0,0,0,0,0,0,0,0,0,0,0,1,0,0,0,0,1,0,0,0.460308329
1,0,0,0.254193606,0.320051414,0.448714034,0,1,0,0,1,0,0,0,0,0,0,0,0,0,0,0,0,0,0,1,0,0,0,1,0,0,0.37057064
1,0,1,0.240941243,0.412167609,0.398704891,0,1,0,0,1,0,0,0,0,0,0,0,0,0,0,0,0,1,0,0,0,0,0,1,0,0,0.41440405
1,0,1,0.396740517,0.428449357,0.49358785,0,1,0,0,1,0,0,0,0,0,0,0,0,0,0,0,0,0,0,0,0,1,0,1,0,0,0.516221813
1,0,1,0.508604585,0.522279692,0.343609898,0,1,0,0,0,1,0,0,0,0,0,0,0,0,0,0,0,0,0,0,0,0,1,1,0,0,0.524275196
1,0,1,0.419913776,0.691945501,0.339734179,0,1,0,0,0,1,0,0,0,0,0,0,0,0,0,0,0,0,0,0,1,0,0,0,0,1,0.43016567
1,0,1,0.302268863,0.541559897,0.321817226,0,1,0,0,0,1,0,0,0,0,0,0,0,0,0,0,1,0,0,0,0,0,0,1,0,0,0.475034514
1,0,0,0.254198857,0.801627763,0.205133348,0,1,0,0,0,1,0,0,0,0,0,0,0,0,0,0,0,0,1,0,0,0,0,0,0,1,0.32328578
1,0,0,0.243429999,0.707369666,0.316663344,0,1,0,0,0,1,0,0,0,0,0,0,0,0,0,0,0,0,0,1,0,0,0,0,0,1,0.336516337
1,0,1,0.285309619,0.639767609,0.270905123,0,1,0,0,0,1,0,0,0,0,0,0,0,0,0,0,0,1,0,0,0,0,0,1,0,0,0.432811781
1,0,1,0.370208226,0.510282776,0.257667893,0,1,0,0,0,1,0,0,0,0,0,0,0,0,0,0,0,0,0,0,0,1,0,1,0,0,0.500805338
1,0,1,0.245924006,0.743359383,0.229511208,0,1,0,0,0,1,0,0,0,0,0,0,0,0,0,0,0,0,0,0,0,0,1,0,0,1,0.31983433
1,0,1,0.240105095,0.577977378,0.353855815,0,1,0,0,0,1,0,0,0,0,0,0,0,0,0,0,0,0,0,0,1,0,0,1,0,0,0.438104004
1,0,1,0.281544982,0.555269923,0.194893617,0,1,0,0,0,1,0,0,0,0,0,0,0,0,0,0,1,0,0,0,0,0,0,0,0,1,0.438219052
1,0,0,0.173001881,0.751928021,0.55126803,0,1,0,0,0,1,0,0,0,0,0,0,0,0,0,0,0,0,1,0,0,0,0,0,1,0,0.247008744
1,0,0,0.029650325,0.477720308,0.797450395,0,1,0,0,0,1,0,0,0,0,0,0,0,0,0,0,0,0,0,1,0,0,0,1,0,0,0.173377819
1,0,1,0.195377057,0.422879177,0.298701036,0,1,0,0,0,1,0,0,0,0,0,0,0,0,0,0,0,1,0,0,0,0,0,1,0,0,0.391164289
1,0,1,0.334559684,0.523136247,0.244886267,0,1,0,0,0,1,0,0,0,0,0,0,0,0,0,0,0,0,0,0,0,1,0,0,0,1,0.448688449
1,0,1,0.357771009,0.546272494,0.328216285,0,1,0,0,0,1,0,0,0,0,0,0,0,0,0,0,0,0,0,0,0,0,1,1,0,0,0.477105384
1,0,1,0.329592674,0.774207712,0.142315779,0,1,0,0,0,1,0,0,0,0,0,0,0,0,0,0,0,0,0,0,1,0,0,0,0,1,0.343189139
1,0,1,0.357771009,0.652527506,0.378200689,0,1,0,0,0,1,0,0,0,0,0,0,0,0,0,0,1,0,0,0,0,0,0,1,0,0,0.475379659
1,0,0,0.362753772,0.549699743,0.347448509,0,1,0,0,0,1,0,0,0,0,0,0,0,0,0,0,0,0,1,0,0,0,0,1,0,0,0.494247584
1,0,0,0.245093108,0.530419537,0.475642034,0,1,0,0,0,1,0,0,0,0,0,0,0,0,0,0,0,0,0,1,0,0,0,0,0,1,0.30683387
1,1,0,0.255073072,0.522186118,0.426104987,0,1,0,0,0,1,0,0,0,0,0,0,0,0,0,0,0,1,0,0,0,0,0,1,0,0,0.357455131
1,0,1,0.283586129,0.611154756,0.377934749,0,1,0,0,0,1,0,0,0,0,0,0,0,0,0,0,0,0,0,0,0,1,0,1,0,0,0.432006443
1,0,1,0.411638925,0.58397635,0.437212632,0,1,0,0,0,1,0,0,0,0,0,0,0,0,0,0,0,0,0,0,0,0,1,1,0,0,0.54659457
1,0,1,0.479605852,0.570265296,0.347415524,0,1,0,0,0,1,0,0,0,0,0,0,0,0,0,0,0,0,0,0,1,0,0,1,0,0,0.579843534
1,0,1,0.435665396,0.758354756,0.443595199,0,1,0,0,0,1,0,0,0,0,0,0,0,0,0,0,1,0,0,0,0,0,0,0,0,1,0.39864243
1,0,0,0.23181843,0.407026221,0.823075494,0,1,0,0,0,1,0,0,0,0,0,0,0,0,0,0,0,0,1,0,0,0,0,1,0,0,0.311780948
1,0,0,0.248400948,0.42159383,0.376928711,0,1,0,0,0,1,0,0,0,0,0,0,0,0,0,0,0,0,0,1,0,0,0,1,0,0,0.387367694
1,0,1,0.366073426,0.504712596,0.506402461,0,1,0,0,0,1,0,0,0,0,0,0,0,0,0,0,0,1,0,0,0,0,0,1,0,0,0.494707777
1,0,1,0.360259765,0.407026221,0.352577652,0,1,0,0,0,1,0,0,0,0,0,0,0,0,0,0,0,0,0,0,0,1,0,1,0,0,0.499424758
1,0,1,0.52019909,0.632819537,0.421783973,0,1,0,0,0,0,1,0,0,0,0,0,0,0,0,0,0,0,0,0,1,0,0,1,0,0,0.571560055
1,0,1,0.368551681,0.675663753,0.252565551,0,1,0,0,0,0,1,0,0,0,0,0,0,0,0,0,1,0,0,0,0,0,0,0,0,1,0.364933272
1,0,0,0.438974549,0.638817481,0.285911164,0,1,0,0,0,0,1,0,0,0,0,0,0,0,0,0,0,0,1,0,0,0,0,0,0,1,0.465255407
1,0,0,0.293966447,0.414738303,0.643574048,0,1,0,0,0,0,1,0,0,0,0,0,0,0,0,0,0,0,0,1,0,0,0,1,0,0,0.391279337
1,0,1,0.212779972,0.520565553,0.425641138,0,1,0,0,0,0,1,0,0,0,0,0,0,0,0,0,0,1,0,0,0,0,0,1,0,0,0.380924988
1,0,1,0.230987532,0.469580463,0.367952711,0,1,0,0,0,0,1,0,0,0,0,0,0,0,0,0,0,0,0,0,0,1,0,1,0,0,0.452600092
1,0,1,0.401706215,0.527848843,0.666679929,0,1,0,0,0,0,1,0,0,0,0,0,0,0,0,0,0,0,0,0,0,0,1,1,0,0,0.56304648
1,0,1,0.584824049,0.583547558,0.864143684,0,1,0,0,0,0,1,0,0,0,0,0,0,0,0,0,0,0,0,0,1,0,0,1,0,0,0.616658997
1,0,1,0.417435521,0.418594344,0.808970351,0,1,0,0,0,0,1,0,0,0,0,0,0,0,0,0,1,0,0,0,0,0,0,0,0,1,0.523124712
1,0,0,0.260817163,0.360325964,0.419233832,0,1,0,0,0,0,1,0,0,0,0,0,0,0,0,0,0,0,1,0,0,0,0,1,0,0,0.47123792
1,0,0,0.368325907,0.490444216,0.412713141,0,1,0,0,0,0,1,0,0,0,0,0,0,0,0,0,0,0,0,1,0,0,0,1,0,0,0.562471238
1,0,1,0.499487022,0.502999486,0.382049608,0,1,0,0,0,0,1,0,0,0,0,0,0,0,0,0,0,1,0,0,0,0,0,1,0,0,0.606994938
1,0,1,0.608878086,0.63496144,0.442323221,0,1,0,0,0,0,1,0,0,0,0,0,0,0,0,0,0,0,0,0,0,1,0,1,0,0,0.670156466
1,0,1,0.616344354,0.521422108,0.191044698,0,1,0,0,0,0,1,0,0,0,0,0,0,0,0,0,0,0,0,0,0,0,1,1,0,0,0.723653935
1,0,1,0.595615222,0.595972237,0.262830021,0,1,0,0,0,0,1,0,0,0,0,0,0,0,0,0,0,0,0,0,1,0,0,1,0,0,0.709848136
1,0,1,0.468819931,0.865895116,0.187189595,0,1,0,0,0,0,1,0,0,0,0,0,0,0,0,0,1,0,0,0,0,0,0,0,0,1,0.501150483
1,0,0,0.559151534,0.77720617,0.182060452,0,1,0,0,0,0,1,0,0,0,0,0,0,0,0,0,0,0,1,0,0,0,0,0,0,1,0.898987575
1,0,0,0.505273117,0.832904884,0.215414311,0,1,0,0,0,0,1,0,0,0,0,0,0,0,0,0,0,0,0,1,0,0,0,0,0,1,0.67533364
1,0,1,0.595609971,0.749357326,0.288463366,0,1,0,0,0,0,1,0,0,0,0,0,0,0,0,0,0,1,0,0,0,0,0,1,0,0,0.705361252
1,0,1,0.603107742,0.830762982,0.203844878,0,1,0,0,0,0,1,0,0,0,0,0,0,0,0,0,0,0,0,0,0,1,0,1,0,0,0.698458353
1,0,1,0.569930892,0.844473008,0.138467479,0,0,1,0,0,0,1,0,0,0,0,0,0,0,0,0,0,0,0,0,0,0,1,0,0,1,0.714219972
1,0,1,0.593963927,0.854755784,0.196198579,0,0,1,0,0,0,1,0,0,0,0,0,0,0,0,0,0,0,0,0,1,0,0,1,0,0,0.787965946
1,0,1,0.644500374,0.713796401,0.1935969,0,0,1,0,0,0,1,0,0,0,0,0,0,0,0,0,1,0,0,0,0,0,0,0,0,1,0.959502991
1,0,0,0.535113249,0.910454499,0.351270628,0,0,1,0,0,0,1,0,0,0,0,0,0,0,0,0,0,0,1,0,0,0,0,0,0,1,0.385411873
1,0,0,0.470472538,0.905740874,0.408977608,0,0,1,0,0,0,1,0,0,0,0,0,0,0,0,0,0,0,0,1,0,0,0,0,0,1,0.572250345
1,0,1,0.472129083,0.491431362,0.751290171,0,0,1,0,0,0,1,0,0,0,0,0,0,0,0,0,0,1,0,0,0,0,0,1,0,0,0.636907501
1,0,1,0.310548965,0.298200514,0.339744487,0,0,1,0,0,0,1,0,0,0,0,0,0,0,0,0,0,0,0,0,0,1,0,1,0,0,0.584445467
1,0,1,0.514395931,0.494858612,0.555133441,0,0,1,0,0,0,1,0,0,0,0,0,0,0,0,0,0,0,0,0,0,0,1,1,0,0,0.653014266
1,0,1,0.529299588,0.451585604,0.612813621,0,0,1,0,0,0,1,0,0,0,0,0,0,0,0,0,0,0,0,0,1,0,0,1,0,0,0.703060285
1,0,1,0.389263748,0.597257584,0.238470716,0,0,1,0,0,0,1,0,0,0,0,0,0,0,0,0,1,0,0,0,0,0,0,0,0,1,0.625517717
1,0,0,0.449759158,0.759211311,0.470498461,0,0,1,0,0,0,1,0,0,0,0,0,0,0,0,0,0,0,1,0,0,0,0,0,0,1,0.714795214
1,0,0,0.443955998,0.695372751,0.308975814,0,0,1,0,0,0,0,1,0,0,0,0,0,0,0,0,0,0,0,1,0,0,0,0,0,1,0.69247584
1,0,1,0.457379004,0.518609769,0.5973293,0,0,1,0,0,0,0,1,0,0,0,0,0,0,0,0,0,1,0,0,0,0,0,1,0,0,0.680395766
1,0,1,0.501969215,0.407883805,0.160267779,0,0,1,0,0,0,0,1,0,0,0,0,0,0,0,0,0,0,0,0,0,1,0,1,0,0,0.776576162
1,0,1,0.596435618,0.482861697,0.326927815,0,0,1,0,0,0,0,1,0,0,0,0,0,0,0,0,0,0,0,0,0,0,1,1,0,0,0.737919926
1,0,1,0.462170122,0.384747558,0.406408913,0,0,1,0,0,0,0,1,0,0,0,0,0,0,0,0,0,0,0,0,1,0,0,1,0,0,0.740335941
1,0,1,0.409144918,0.387746015,0.573103995,0,0,1,0,0,0,0,1,0,0,0,0,0,0,0,0,1,0,0,0,0,0,0,1,0,0,0.740681086
1,0,0,0.455562317,0.261354242,0.520499358,0,0,1,0,0,0,0,1,0,0,0,0,0,0,0,0,0,0,1,0,0,0,0,1,0,0,0.786355269
1,0,0,0.542584767,0.283632905,0.433347221,0,0,1,0,0,0,0,1,0,0,0,0,0,0,0,0,0,0,0,1,0,0,0,1,0,0,0.592153705
1,0,1,0.521862199,0.326478149,0.692278228,0,0,1,0,0,0,0,1,0,0,0,0,0,0,0,0,0,1,0,0,0,0,0,1,0,0,0.640013806
1,0,1,0.468825181,0.447300771,0.467938012,0,0,1,0,0,0,0,1,0,0,0,0,0,0,0,0,0,0,0,0,0,1,0,1,0,0,0.678324896
1,0,1,0.338928134,0.482843188,0.562561215,0,0,1,0,0,0,0,1,0,0,0,0,0,0,0,0,0,0,0,0,0,0,1,1,0,0,0.55683387
1,0,1,0.404993054,0.479434447,0.552572993,0,0,1,0,0,0,0,1,0,0,0,0,0,0,0,0,0,0,0,0,1,0,0,1,0,0,0.619765301
1,0,1,0.463016771,0.419879692,0.274349977,0,0,1,0,0,0,0,1,0,0,0,0,0,0,0,0,1,0,0,0,0,0,0,1,0,0,0.73354809
1,0,0,0.536771107,0.517138303,0.34742377,0,0,1,0,0,0,0,1,0,0,0,0,0,0,0,0,0,0,1,0,0,0,0,1,0,0,0.855729406
1,0,0,0.649498888,0.522279692,0.417953608,0,0,1,0,0,0,0,1,0,0,0,0,0,0,0,0,0,0,0,1,0,0,0,1,0,0,0.817993557
1,1,0,0.703382555,0.577549614,0.541028298,0,0,1,0,0,0,0,1,0,0,0,0,0,0,0,0,0,1,0,0,0,0,0,1,0,0,0.730326737
1,0,1,0.681805461,0.401457069,0.517938909,0,0,1,0,0,0,0,1,0,0,0,0,0,0,0,0,0,0,0,0,0,1,0,1,0,0,0.767257248
1,0,1,0.496134552,0.585261697,0.299997753,0,0,1,0,0,0,0,1,0,0,0,0,0,0,0,0,0,0,0,0,0,0,1,0,0,1,0.499884952
1,0,1,0.543399914,0.629820051,0.089754846,0,0,1,0,0,0,0,1,0,0,0,0,0,0,0,0,0,0,0,0,1,0,0,1,0,0,0.75276116
1,0,1,0.573234795,0.714224165,0.262805282,0,0,1,0,0,0,0,1,0,0,0,0,0,0,0,0,1,0,0,0,0,0,0,1,0,0,0.836171192
1,0,0,0.608867585,0.702228278,0.53846785,0,0,1,0,0,0,0,1,0,0,0,0,0,0,0,0,0,0,1,0,0,0,0,1,0,0,0.759549011
1,0,0,0.40748706,0.859040617,0.664138035,0,0,1,0,0,0,0,1,0,0,0,0,0,0,0,0,0,0,0,1,0,0,0,0,1,0,0.115623562
1,0,1,0.291477691,0.78834653,0.579511301,0,0,1,0,0,0,0,1,0,0,0,0,0,0,0,0,0,1,0,0,0,0,0,0,0,1,0.367234238
1,0,1,0.428199128,0.467009769,0.467954505,0,0,1,0,0,0,0,1,0,0,0,0,0,0,0,0,0,0,0,0,0,1,0,1,0,0,0.645536125
1,0,1,0.513565033,0.440017481,0.198734289,0,0,1,0,0,0,0,1,0,0,0,0,0,0,0,0,0,0,0,0,0,0,1,1,0,0,0.710308329
1,0,1,0.530978449,0.778063753,0.317960061,0,0,1,0,0,0,0,1,0,0,0,0,0,0,0,0,0,0,0,0,1,0,0,0,0,1,0.575701795
1,0,1,0.490357646,0.412167609,0.670502048,0,0,1,0,0,0,0,1,0,0,0,0,0,0,0,0,1,0,0,0,0,0,0,1,0,0,0.714565117
1,0,0,0.39173544,0.503427249,0.221788632,0,0,1,0,0,0,0,1,0,0,0,0,0,0,0,0,0,0,1,0,0,0,0,0,0,1,0.482972849
1,0,0,0.487055056,0.603684319,0.194850324,0,0,1,0,0,0,0,1,0,0,0,0,0,0,0,0,0,0,0,1,0,0,0,1,0,0,0.722733548
1,0,1,0.496998266,0.586118252,0.307679098,0,0,1,0,0,0,0,1,0,0,0,0,0,0,0,0,0,1,0,0,0,0,0,0,0,1,0.638518178
1,0,1,0.653628438,0.678234447,0.275638447,0,0,1,0,0,0,0,0,1,0,0,0,0,0,0,0,0,0,0,0,0,1,0,0,0,1,0.657846295
1,0,1,0.602271594,0.819622622,0.238452162,0,0,1,0,0,0,0,0,1,0,0,0,0,0,0,0,0,0,0,0,0,0,1,1,0,0,0.707202025
1,0,1,0.60141313,0.79005964,0.229459669,0,0,1,0,0,0,0,0,1,0,0,0,0,0,0,0,0,0,0,0,1,0,0,0,0,1,0.736194202
1,0,1,0.671868814,0.756212853,0.28974359,0,0,1,0,0,0,0,0,1,0,0,0,0,0,0,0,1,0,0,0,0,0,0,1,0,0,0.721813162
1,0,0,0.6635874,0.778063753,0.269239388,0,0,1,0,0,0,0,0,1,0,0,0,0,0,0,0,0,0,1,0,0,0,0,0,0,1,0.789346526
1,0,0,0.6138766,0.76092545,0.262821775,0,0,1,0,0,0,0,0,1,0,0,0,0,0,0,0,0,0,0,1,0,0,0,0,0,1,0.729061206
1,0,1,0.588155517,0.682948072,0.42948181,0,0,1,0,0,0,0,0,1,0,0,0,0,0,0,0,0,1,0,0,0,0,0,0,0,1,0.71916705
1,0,1,0.627966424,0.705226735,0.564117687,0,0,1,0,0,0,0,0,1,0,0,0,0,0,0,0,0,0,0,0,0,1,0,0,0,1,0.656465716
1,0,1,0.622130449,0.765210283,0.399983054,0,0,1,0,0,0,0,0,1,0,0,0,0,0,0,0,0,0,0,0,0,0,1,0,0,1,0.540151864
1,0,1,0.541742056,0.567694602,0.601295727,0,0,1,0,0,0,0,0,1,0,0,0,0,0,0,0,0,0,0,0,1,0,0,1,0,0,0.753566498
1,0,1,0.579874103,0.37060874,0.442296421,0,0,1,0,0,0,0,0,1,0,0,0,0,0,0,0,1,0,0,0,0,0,0,1,0,0,0.806258629
1,0,0,0.61135634,0.494002057,0.207683489,0,0,1,0,0,0,0,0,1,0,0,0,0,0,0,0,0,0,1,0,0,0,0,1,0,0,0.852162908
1,0,0,0.66441436,0.592544987,0.417928869,0,0,1,0,0,0,0,0,1,0,0,0,0,0,0,0,0,0,0,1,0,0,0,1,0,0,0.701334561
1,0,1,0.618028464,0.81191054,0.392314078,0,0,1,0,0,0,0,0,1,0,0,0,0,0,0,0,0,1,0,0,0,0,0,0,0,1,0.324551312
1,0,1,0.652818542,0.817051928,0.257694694,0,0,1,0,0,0,0,0,1,0,0,0,0,0,0,0,0,0,0,0,0,1,0,0,0,1,0.585941095
1,0,1,0.678508122,0.717652442,0.206403265,0,0,1,0,0,0,0,0,1,0,0,0,0,0,0,0,0,0,0,0,0,0,1,1,0,0,0.851587667
1,0,1,0.647842343,0.53470437,0.426913116,0,0,1,0,0,0,0,0,1,0,0,0,0,0,0,0,0,0,0,0,1,0,0,1,0,0,0.846985734
1,0,1,0.619631192,0.53813162,0.235893775,0,0,1,0,0,0,0,0,1,0,0,0,0,0,0,0,1,0,0,0,0,0,0,1,0,0,0.876323056
1,0,0,0.64035376,0.469151671,0.126957212,0,0,1,0,0,0,0,0,1,0,0,0,0,0,0,0,0,0,1,0,0,0,0,1,0,0,0.951679705
1,0,0,0.662746001,0.545415938,0.478229283,0,0,1,0,0,0,0,0,1,0,0,0,0,0,0,0,0,0,0,1,0,0,0,1,0,0,0.817648412
1,0,1,0.63872478,0.834190231,0.434600645,0,0,1,0,0,0,0,0,1,0,0,0,0,0,0,0,0,1,0,0,0,0,0,0,0,1,0.498964565
1,0,1,0.658621702,0.787488946,0.197445819,0,0,1,0,0,0,0,0,1,0,0,0,0,0,0,0,0,0,0,0,0,1,0,0,0,1,0.696157386
1,0,1,0.663592651,0.796486375,0.164116698,0,0,1,0,0,0,0,0,1,0,0,0,0,0,0,0,0,0,0,0,0,0,1,0,0,1,0.602623102
1,0,1,0.692586132,0.736932648,0.310272531,0,0,1,0,0,0,0,0,1,0,0,0,0,0,0,0,0,0,0,0,1,0,0,1,0,0,0.776346065
1,0,1,0.719927007,0.76820874,0.243589551,0,0,1,0,0,0,0,0,1,0,0,0,0,0,0,0,1,0,0,0,0,0,0,1,0,0,0.772204326
1,0,0,0.739835742,0.753213368,0.364070808,0,0,1,0,0,0,0,0,1,0,0,0,0,0,0,0,0,0,1,0,0,0,0,1,0,0,0.749424758
1,0,0,0.738167383,0.716794859,0.397424667,0,0,1,0,0,0,0,0,1,0,0,0,0,0,0,0,0,0,0,1,0,0,0,1,0,0,0.755752416
1,1,0,0.787883434,0.695372751,0.358976711,0,0,1,0,0,0,0,0,1,0,0,0,0,0,0,0,0,1,0,0,0,0,0,1,0,0,0.692705936
1,0,1,0.779603332,0.703941388,0.562820971,0,0,1,0,0,0,0,0,1,0,0,0,0,0,0,0,0,0,0,0,0,1,0,1,0,0,0.65819144
1,0,1,0.698399793,0.688946015,0.230764632,0,0,1,0,0,0,0,0,1,0,0,0,0,0,0,0,0,0,0,0,0,0,1,0,0,1,0.786125173
1,0,1,0.72491502,0.506855527,0.356416263,0,0,1,0,0,0,0,0,1,0,0,0,0,0,0,0,0,0,0,0,1,0,0,1,0,0,0.841693511
1,0,1,0.694242678,0.776778406,0.443586953,0,0,1,0,0,0,0,0,0,1,0,0,0,0,0,0,1,0,0,0,0,0,0,0,0,1,0.472273355
1,0,0,0.639539927,0.564696144,0.338445709,0,0,1,0,0,0,0,0,0,1,0,0,0,0,0,0,0,0,1,0,0,0,0,1,0,0,0.931661298
1,0,0,0.651150183,0.50728329,0.333343366,0,0,1,0,0,0,0,0,0,1,0,0,0,0,0,0,0,0,0,1,0,0,0,1,0,0,0.876553152
1,0,1,0.655284984,0.500856555,0.541036545,0,0,1,0,0,0,0,0,0,1,0,0,0,0,0,0,0,1,0,0,0,0,0,1,0,0,0.802577082
1,0,1,0.586514723,0.630676607,0.385888219,0,0,1,0,0,0,0,0,0,1,0,0,0,0,0,0,0,0,0,0,0,1,0,0,0,1,0.802922227
1,0,1,0.608041937,0.628534704,0.112835577,0,0,1,0,0,0,0,0,0,1,0,0,0,0,0,0,0,0,0,0,0,0,1,1,0,0,0.809134837
1,0,1,0.643679977,0.583118766,0.278223634,0,0,1,0,0,0,0,0,0,1,0,0,0,0,0,0,0,0,0,0,1,0,0,1,0,0,0.859641049
1,0,1,0.680985064,0.481148586,0.315399612,0,0,1,0,0,0,0,0,0,1,0,0,0,0,0,0,1,0,0,0,0,0,0,1,0,0,0.887482743
1,0,0,0.747279695,0.449442674,0.251293573,0,0,1,0,0,0,0,0,0,1,0,0,0,0,0,0,0,0,1,0,0,0,0,1,0,0,0.860101243
1,0,0,0.767166116,0.553555784,0.229511208,0,0,1,0,0,0,0,0,0,1,0,0,0,0,0,0,0,0,0,1,0,0,0,1,0,0,0.756557754
1,0,1,0.762183353,0.604541902,0.382049608,0,0,1,0,0,0,0,0,0,1,0,0,0,0,0,0,0,1,0,0,0,0,0,0,0,1,0.764150943
1,0,1,0.681002129,0.856897686,0.396136197,0,0,1,0,0,0,0,0,0,1,0,0,0,0,0,0,0,0,0,0,0,1,0,0,0,1,0.569489185
1,0,1,0.698384041,0.598542931,0.661526048,0,0,1,0,0,0,0,0,0,1,0,0,0,0,0,0,0,0,0,0,0,0,1,1,0,0,0.851242522
1,0,1,0.715797457,0.58568946,0.476922259,0,0,1,0,0,0,0,0,0,1,0,0,0,0,0,0,0,0,0,0,1,0,0,1,0,0,0.844569719
1,0,1,0.68346857,0.606255013,0.317943568,0,0,1,0,0,0,0,0,0,1,0,0,0,0,0,0,1,0,0,0,0,0,0,1,0,0,0.879314312
1,0,0,0.676845014,0.51842365,0.29743112,0,0,1,0,0,0,0,0,0,1,0,0,0,0,0,0,0,0,1,0,0,0,0,1,0,0,0.8835711
1,0,0,0.647004882,0.615681234,0.252565551,0,0,1,0,0,0,0,0,0,1,0,0,0,0,0,0,0,0,0,1,0,0,0,1,0,0,0.800276116
1,0,1,0.611389156,0.799914653,0.314086403,0,0,1,0,0,0,0,0,0,1,0,0,0,0,0,0,0,1,0,0,0,0,0,0,0,1,0.584100322
1,0,1,0.755582112,0.709511568,0.258983164,0,0,1,0,0,0,0,0,0,1,0,0,0,0,0,0,0,0,0,0,0,1,0,1,0,0,0.782673723
1,0,1,0.842587498,0.608825707,0.188467757,0,0,1,0,0,0,0,0,0,1,0,0,0,0,0,0,0,0,0,0,0,0,1,1,0,0,0.712034054
1,0,1,0.884023447,0.58397635,0.198723981,1,0,0,0,0,0,0,0,0,1,0,0,0,0,0,0,0,0,0,0,1,0,0,1,0,0,0.676829268
1,0,1,0.846717047,0.589974293,0.330776733,1,0,0,0,0,0,0,0,0,1,0,0,0,0,0,0,1,0,0,0,0,0,0,1,0,0,0.667395306
1,0,0,0.753088105,0.549699743,0.324342628,1,0,0,0,0,0,0,0,0,1,0,0,0,0,0,0,0,0,1,0,0,0,0,1,0,0,0.85549931
1,0,0,0.781259878,0.49271671,0.253845775,1,0,0,0,0,0,0,0,0,1,0,0,0,0,0,0,0,0,0,1,0,0,0,1,0,0,0.790266912
1,0,1,0.754728899,0.51842365,0.573093687,1,0,0,0,0,0,0,0,0,1,0,0,0,0,0,0,0,1,0,0,0,0,0,1,0,0,0.7773815
1,0,1,0.676839763,0.383889974,0.670520602,1,0,0,0,0,0,0,0,0,1,0,0,0,0,0,0,0,0,0,0,0,1,0,1,0,0,0.853658537
1,0,1,0.737336485,0.370179949,0.514116791,1,0,0,0,0,0,0,0,0,1,0,0,0,0,0,0,0,0,0,0,0,0,1,1,0,0,0.841348366
1,0,1,0.782911172,0.434447301,0.307703837,1,0,0,0,0,0,0,0,0,1,0,0,0,0,0,0,0,0,0,0,1,0,0,1,0,0,0.788886332
1,0,1,0.928746234,0.502570694,0.294854179,1,0,0,0,0,0,0,0,0,1,0,0,0,0,0,0,1,0,0,0,0,0,0,1,0,0,0.625977911
1,0,0,0.798657542,0.618251928,0.285894672,1,0,0,0,0,0,0,0,0,1,0,0,0,0,0,0,0,0,1,0,0,0,0,1,0,0,0.651748734
1,0,0,0.881512376,0.533419023,0.301269731,1,0,0,0,0,0,0,0,0,0,1,0,0,0,0,0,0,0,0,1,0,0,0,1,0,0,0.633801197
1,0,1,0.817730129,0.45972545,0.356391524,1,0,0,0,0,0,0,0,0,0,1,0,0,0,0,0,0,1,0,0,0,0,0,1,0,0,0.713874827
1,0,1,0.818533461,0.505997943,0.214082548,1,0,0,0,0,0,0,0,0,0,1,0,0,0,0,0,0,0,0,0,0,1,0,1,0,0,0.76369075
1,1,0,0.857501657,0.553984576,0.232044856,1,0,0,0,0,0,0,0,0,0,1,0,0,0,0,0,0,0,0,0,0,0,1,1,0,0,0.849171652
1,0,1,0.895607451,0.47086581,0.353839322,1,0,0,0,0,0,0,0,0,0,1,0,0,0,0,0,0,0,0,0,1,0,0,1,0,0,0.715485504
1,0,1,0.884011633,0.463581491,0.255117753,1,0,0,0,0,0,0,0,0,0,1,0,0,0,0,0,1,0,0,0,0,0,0,1,0,0,0.711573861
1,0,0,0.952767455,0.505997943,0.291013507,1,0,0,0,0,0,0,0,0,0,1,0,0,0,0,0,0,0,1,0,0,0,0,1,0,0,0.554302807
1,0,0,0.933711932,0.589974293,0.212829124,1,0,0,0,0,0,0,0,0,0,1,0,0,0,0,0,0,0,0,1,0,0,0,1,0,0,0.534974689
1,0,1,0.75474465,0.702656041,0.326927815,1,0,0,0,0,0,0,0,0,0,1,0,0,0,0,0,0,1,0,0,0,0,0,0,0,1,0.753221353
1,0,1,0.768844976,0.686375321,0.26665214,1,0,0,0,0,0,0,0,0,0,1,0,0,0,0,0,0,0,0,0,0,1,0,0,0,1,0.721122872
1,0,1,0.749778952,0.651242159,0.266643893,1,0,0,0,0,0,0,0,0,0,1,0,0,0,0,0,0,0,0,0,0,0,1,1,0,0,0.833179936
1,0,1,0.755570298,0.544558355,0.256422716,1,0,0,0,0,0,0,0,0,0,1,0,0,0,0,0,0,0,0,0,1,0,0,1,0,0,0.85411873
1,0,1,0.772962712,0.499571208,0.12051486,1,0,0,0,0,0,0,0,0,0,1,0,0,0,0,0,1,0,0,0,0,0,0,0,0,1,0.860216291
1,0,0,0.770480519,0.718937789,0.250040149,1,0,0,0,0,0,0,0,0,0,1,0,0,0,0,0,0,0,1,0,0,0,0,0,0,1,0.799240681
1,0,0,0.82187543,0.738217995,0.29743112,1,0,0,0,0,0,0,0,0,0,1,0,0,0,0,0,0,0,0,1,0,0,0,1,0,0,0.691325357
1,0,1,0.846722298,0.663239075,0.292318469,1,0,0,0,0,0,0,0,0,0,1,0,0,0,0,0,0,1,0,0,0,0,0,1,0,0,0.783248965
1,0,1,0.888146433,0.520136761,0.189739735,1,0,0,0,0,0,0,0,0,0,1,0,0,0,0,0,0,0,0,0,0,1,0,1,0,0,0.778186838
1,0,1,0.87488882,0.593401542,0.237182245,1,0,0,0,0,0,0,0,0,0,1,0,0,0,0,0,0,0,0,0,0,0,1,1,0,0,0.654739991
1,0,1,0.83427458,0.617395373,0.294878918,1,0,0,0,0,0,0,0,0,0,1,0,0,0,0,0,0,0,0,0,1,0,0,1,0,0,0.755752416
1,0,1,0.700888549,0.868038046,0.384634795,1,0,0,0,0,0,0,0,0,0,1,0,0,0,0,0,1,0,0,0,0,0,0,0,0,1,0.672802577
1,0,0,0.618044216,0.889888946,0.393567502,1,0,0,0,0,0,0,0,0,0,1,0,0,0,0,0,0,0,1,0,0,0,0,0,1,0,0.510469397
1,0,0,0.714146162,0.784061697,0.147461002,1,0,0,0,0,0,0,0,0,0,1,0,0,0,0,0,0,0,0,1,0,0,0,0,0,1,0.84997699
1,0,1,0.801950943,0.713796401,0.239740632,1,0,0,0,0,0,0,0,0,0,1,0,0,0,0,0,0,1,0,0,0,0,0,1,0,0,0.798895536
1,0,1,0.823521474,0.673521851,0.389761876,1,0,0,0,0,0,0,0,0,0,1,0,0,0,0,0,0,0,0,0,0,1,0,1,0,0,0.870915785
1,0,1,0.75474465,0.462724936,0.293582201,1,0,0,0,0,0,0,0,0,0,1,0,0,0,0,0,0,0,0,0,0,0,1,1,0,0,0.937758859
1,0,1,0.866592967,0.613539332,0.540995313,1,0,0,0,0,0,0,0,0,0,1,0,0,0,0,0,0,0,0,0,1,0,0,1,0,0,0.786815462
1,0,1,0.85996941,0.611396401,0.269239388,1,0,0,0,0,0,0,0,0,0,1,0,0,0,0,0,1,0,0,0,0,0,0,1,0,0,0.79176254
1,0,0,0.811909905,0.630676607,0.278223634,1,0,0,0,0,0,0,0,0,0,1,0,0,0,0,0,0,0,1,0,0,0,0,1,0,0,0.766566958
1,0,0,0.772962712,0.641388175,0.30511865,1,0,0,0,0,0,0,0,0,0,1,0,0,0,0,0,0,0,0,1,0,0,0,1,0,0,0.756442706
1,0,1,0.795348389,0.687660668,0.270527858,1,0,0,0,0,0,0,0,0,0,1,0,0,0,0,0,0,1,0,0,0,0,0,1,0,0,0.814887253
1,0,1,0.766350969,0.724079177,0.294870672,1,0,0,0,0,0,0,0,0,0,1,0,0,0,0,0,0,0,0,0,0,1,0,1,0,0,0.827657616
1,0,1,0.772142315,0.696658098,0.244886267,1,0,0,0,0,0,0,0,0,0,0,1,0,0,0,0,0,0,0,0,0,0,1,1,0,0,0.869535205
1,0,1,0.824358935,0.678234447,0.220508408,1,0,0,0,0,0,0,0,0,0,0,1,0,0,0,0,0,0,0,0,1,0,0,1,0,0,0.832834791
1,0,1,0.845071003,0.66066838,0.398704891,1,0,0,0,0,0,0,0,0,0,0,1,0,0,0,0,1,0,0,0,0,0,0,0,0,1,0.822940635
1,0,0,0.882349837,0.630676607,0.484601542,1,0,0,0,0,0,0,0,0,0,0,1,0,0,0,0,0,0,1,0,0,0,0,1,0,0,0.782558675
1,0,0,0.855850362,0.670951157,0.5525565,1,0,0,0,0,0,0,0,0,0,0,1,0,0,0,0,0,0,0,1,0,0,0,1,0,0,0.626092959
1,0,1,0.828504237,0.672665296,0.220508408,1,0,0,0,0,0,0,0,0,0,0,1,0,0,0,0,0,1,0,0,0,0,0,0,0,1,0.804302807
1,0,1,0.81193222,0.723650386,0.194850324,1,0,0,0,0,0,0,0,0,0,0,1,0,0,0,0,0,0,0,0,0,1,0,0,0,1,0.83421537
1,0,1,0.825184583,0.691945501,0.182052206,1,0,0,0,0,0,0,0,0,0,0,1,0,0,0,0,0,0,0,0,0,0,1,0,0,1,0.864242982
1,0,1,0.814409162,0.637960925,0.275646694,1,0,0,0,0,0,0,0,0,0,0,1,0,0,0,0,0,0,0,0,1,0,0,1,0,0,0.835710999
1,0,1,0.772974525,0.736075064,0.446163894,1,0,0,0,0,0,0,0,0,0,0,1,0,0,0,0,1,0,0,0,0,0,0,0,0,1,0.663138518
1,0,0,0.734022082,0.753642159,0.379505652,1,0,0,0,0,0,0,0,0,0,0,1,0,0,0,0,0,0,1,0,0,0,0,0,0,1,0.722158306
1,0,0,0.742307434,0.545415938,0.206403265,1,0,0,0,0,0,0,0,0,0,0,1,0,0,0,0,0,0,0,1,0,0,0,1,0,0,0.750345145
1,0,1,0.765508258,0.560840103,0.234646535,1,0,0,0,0,0,0,0,0,0,0,1,0,0,0,0,0,1,0,0,0,0,0,1,0,0,0.789346526
1,0,1,0.784574281,0.706084319,0.302566447,1,0,0,0,0,0,0,0,0,0,0,1,0,0,0,0,0,0,0,0,0,1,0,1,0,0,0.777956742
1,0,1,0.754722336,0.637103342,0.303830179,1,0,0,0,0,0,0,0,0,0,0,1,0,0,0,0,0,0,0,0,0,0,1,1,0,0,0.842728946
1,0,1,0.755576861,0.533847815,0.246158245,1,0,0,0,0,0,0,0,0,0,0,1,0,0,0,0,0,0,0,0,1,0,0,1,0,0,0.872411413
1,0,1,0.2143932,0.586974807,0.430786773,1,0,0,0,0,0,0,0,0,0,0,1,0,0,0,0,1,0,0,0,0,0,0,1,0,0,0.81983433
1,0,0,0.707512105,0.62039383,0.320520509,1,0,0,0,0,0,0,0,0,0,0,1,0,0,0,0,0,0,1,0,0,0,0,1,0,0,0.902323976
1,0,0,0.688456583,0.73179126,0.132059555,1,0,0,0,0,0,0,0,0,0,0,1,0,0,0,0,0,0,0,1,0,0,0,0,0,1,0.520823746
1,0,1,0.678497621,0.754927506,0.221796878,1,0,0,0,0,0,0,0,0,0,0,1,0,0,0,0,0,1,0,0,0,0,0,0,0,1,0.748734468
1,0,1,0.685136929,0.692802057,0.103859165,1,0,0,0,0,0,0,0,0,0,0,1,0,0,0,0,0,0,0,0,0,1,0,1,0,0,0.803497469
1,0,1,0.712477803,0.696229306,0.098731053,1,0,0,0,0,0,0,0,0,0,0,1,0,0,0,0,0,0,0,0,0,0,1,1,0,0,0.845950299
1,0,1,0.732369474,0.653812853,0.128237024,1,0,0,0,0,0,0,0,0,0,0,1,0,0,0,0,0,0,0,0,1,0,0,1,0,0,0.890819144
1,0,1,0.745616587,0.632390746,0.102570694,1,0,0,0,0,0,0,0,0,0,0,1,0,0,0,0,1,0,0,0,0,0,0,0,0,1,0.869765301
1,0,0,0.708332502,0.733076607,0.457698281,1,0,0,0,0,0,0,0,0,0,0,1,0,0,0,0,0,0,1,0,0,0,0,0,0,1,0.69385642
1,0,0,0.678535687,0.869751157,0.425641138,1,0,0,0,0,0,0,0,0,0,0,1,0,0,0,0,0,0,0,1,0,0,0,0,0,1,0.60204786
1,0,1,0.755576861,0.751071465,0.219228184,1,0,0,0,0,0,0,0,0,0,0,1,0,0,0,0,0,1,0,0,0,0,0,1,0,0,0.793258168
1,0,1,0.77049102,0.637532134,0.347440263,1,0,0,0,0,0,0,0,0,0,0,1,0,0,0,0,0,0,0,0,0,1,0,1,0,0,0.807409112
1,0,1,0.730695865,0.567694602,0.185890816,1,0,0,0,0,0,0,0,0,0,0,1,0,0,0,0,0,0,0,0,0,0,1,1,0,0,0.882995858
1,0,1,0.753071041,0.607112596,0.112818466,1,0,0,0,0,0,0,0,0,0,0,1,0,0,0,0,0,0,0,0,1,0,0,1,0,0,0.884836631
1,0,1,0.801141047,0.604113111,0.301277977,1,0,0,0,0,0,0,0,0,0,0,1,0,0,0,0,1,0,0,0,0,0,0,1,0,0,0.843074091
1,0,0,0.818538712,0.656383548,0.187179287,1,0,0,0,0,0,0,0,0,0,0,0,1,0,0,0,0,0,1,0,0,0,0,0,0,1,0.703865624
1,0,0,0.748110593,0.838046272,0.085923657,1,0,0,0,0,0,0,0,0,0,0,0,1,0,0,0,0,0,0,1,0,0,0,0,0,1,0.665899678
1,1,0,0.764687861,0.813195887,0.265382223,1,0,0,0,0,0,0,0,0,0,0,0,1,0,0,0,0,1,0,0,0,0,0,1,0,0,0.691670502
1,0,1,0.797843708,0.776349614,0.441026505,1,0,0,0,0,0,0,0,0,0,0,0,1,0,0,0,0,0,0,0,0,1,0,1,0,0,0.787160607
1,0,1,0.826846379,0.762210797,0.341014403,1,0,0,0,0,0,0,0,0,0,0,0,1,0,0,0,0,0,0,0,0,0,1,1,0,0,0.815692591
1,0,1,0.75641826,0.833333676,0.247446716,1,0,0,0,0,0,0,0,0,0,0,0,1,0,0,0,0,0,0,0,1,0,0,0,0,1,0.711113668
1,0,1,0.758879451,0.757069409,0.30769559,1,0,0,0,0,0,0,0,0,0,0,0,1,0,0,0,1,0,0,0,0,0,0,1,0,0,0.860791532
1,0,0,0.698389292,0.821765553,0.533349015,1,0,0,0,0,0,0,0,0,0,0,0,1,0,0,0,0,0,1,0,0,0,0,0,0,1,0.684997699
1,0,0,0.656127695,0.562982005,0.416648645,1,0,0,0,0,0,0,0,0,0,0,0,1,0,0,0,0,0,0,1,0,0,0,1,0,0,0.943971468
1,0,1,0.638707716,0.517994859,0.487188791,1,0,0,0,0,0,0,0,0,0,0,0,1,0,0,0,0,1,0,0,0,0,0,1,0,0,0.863207547
1,0,1,0.623793557,0.53470437,0.143612908,1,0,0,0,0,0,0,0,0,0,0,0,1,0,0,0,0,0,0,0,0,1,0,1,0,0,0.891049241
1,0,1,0.644510875,0.593401542,0.225645797,1,0,0,0,0,0,0,0,0,0,0,0,1,0,0,0,0,0,0,0,0,0,1,1,0,0,0.902899218
1,0,1,0.656958593,0.655098201,0.124371613,1,0,0,0,0,0,0,0,0,0,0,0,1,0,0,0,0,0,0,0,1,0,0,1,0,0,0.895306029
1,0,1,0.676024617,0.69151671,0.16795737,1,0,0,0,0,0,0,0,0,0,0,0,1,0,0,0,1,0,0,0,0,0,0,1,0,0,0.918890934
1,0,0,0.665240007,0.515852956,0.464115894,1,0,0,0,0,0,0,0,0,0,0,0,1,0,0,0,0,0,1,0,0,0,0,1,0,0,1
1,0,0,0.635388062,0.586118252,0.139755949,1,0,0,0,0,0,0,0,0,0,0,0,1,0,0,0,0,0,0,1,0,0,0,1,0,0,0.84111827
1,0,1,0.622163264,0.75535527,0.266662447,1,0,0,0,0,0,0,0,0,0,0,0,1,0,0,0,0,1,0,0,0,0,0,0,0,1,0.787735849
1,0,1,0.637937199,0.897172237,0.691022742,1,0,0,0,0,0,0,0,0,0,0,0,1,0,0,0,0,0,0,0,0,1,0,0,0,1,0.466060746
1,0,1,0.605563682,0.551842674,0.397432913,1,0,0,0,0,0,0,0,0,0,0,0,1,0,0,0,0,0,0,0,0,0,1,1,0,0,0.870800736
1,0,1,0.594784324,0.635817995,0.197445819,1,0,0,0,0,0,0,0,0,0,0,0,1,0,0,0,0,0,0,0,1,0,0,1,0,0,0.88564197
1,0,1,0.646999631,0.687660668,0.271789529,1,0,0,0,0,0,0,0,0,0,0,0,1,0,0,0,1,0,0,0,0,0,0,1,0,0,0.937068569
1,0,0,0.697558394,0.664953213,0.538459604,1,0,0,0,0,0,0,0,0,0,0,0,1,0,0,0,0,0,1,0,0,0,0,1,0,0,0.963299586
1,0,0,0.577380096,0.480291003,0.414096443,0,0,0,1,0,0,0,0,0,0,0,0,1,0,0,0,0,0,0,1,0,0,0,1,0,0,0.907156006
1,0,1,0.555826629,0.506855527,0.247411669,0,0,0,1,0,0,0,0,0,0,0,0,1,0,0,0,0,1,0,0,0,0,0,1,0,0,0.852968247
1,0,1,0.610518879,0.586118252,0.441026505,0,0,0,1,0,0,0,0,0,0,0,0,1,0,0,0,0,0,0,0,0,1,0,1,0,0,0.864703175
1,0,1,0.679345583,0.648671465,0.457681788,0,0,0,1,0,0,0,0,0,0,0,0,1,0,0,0,0,0,0,0,0,0,1,1,0,0,0.887137598
1,0,1,0.694259742,0.710368123,0.230791432,0,0,0,1,0,0,0,0,0,0,0,0,1,0,0,0,0,0,0,0,1,0,0,0,0,1,0.848021169
1,0,1,0.665234757,0.709511568,0.292301977,0,0,0,1,0,0,0,0,0,0,0,0,1,0,0,0,1,0,0,0,0,0,0,0,0,1,0.850552232
1,0,0,0.592295568,0.558269409,0.423055951,0,0,0,1,0,0,0,0,0,0,0,0,1,0,0,0,0,0,1,0,0,0,0,1,0,0,0.981707317
1,0,0,0.57571305,0.599828278,0.232061349,0,0,0,1,0,0,0,0,0,0,0,0,1,0,0,0,0,0,0,1,0,0,0,1,0,0,0.790036815
1,0,1,0.568279598,0.667523907,0.141035967,0,0,0,1,0,0,0,0,0,0,0,0,0,1,0,0,0,1,0,0,0,0,0,0,0,1,0.777266452
1,0,1,0.608095755,0.896315681,0.169219041,0,0,0,1,0,0,0,0,0,0,0,0,0,1,0,0,0,0,0,0,0,1,0,0,1,0,0.531178095
1,0,1,0.682653423,0.816195373,0.091026,0,0,0,1,0,0,0,0,0,0,0,0,0,1,0,0,0,0,0,0,0,0,1,0,0,1,0.868614818
1,0,1,0.694259742,0.743359383,0.196165595,0,0,0,1,0,0,0,0,0,0,0,0,0,1,0,0,0,0,0,0,1,0,0,0,0,1,0.840543028
1,0,1,0.657784241,0.645244216,0.173084452,0,0,0,1,0,0,0,0,0,0,0,0,0,1,0,0,1,0,0,0,0,0,0,1,0,0,0.935803037
1,0,0,0.603091991,0.682948072,0.506385968,0,0,0,1,0,0,0,0,0,0,0,0,0,1,0,0,0,0,1,0,0,0,0,1,0,0,0.913828808
1,0,0,0.447271714,0.728362982,0.244851221,0,0,0,1,0,0,0,0,0,0,0,0,0,1,0,0,0,0,0,1,0,0,0,0,0,1,0.401288541
1,1,0,0.404998304,0.729648329,0.344871568,0,0,0,1,0,0,0,0,0,0,0,0,0,1,0,0,0,1,0,0,0,0,0,0,0,1,0.627703636
1,0,1,0.471291622,0.783205141,0.346151793,0,0,0,1,0,0,0,0,0,0,0,0,0,1,0,0,0,0,0,0,0,1,0,0,0,1,0.7328578
1,0,1,0.556652277,0.648671465,0.341041204,0,0,0,1,0,0,0,0,0,0,0,0,0,1,0,0,0,0,0,0,0,0,1,1,0,0,0.882305568
1,0,1,0.462175372,0.476434961,0.328208039,0,0,0,1,0,0,0,0,0,0,0,0,0,1,0,0,0,0,0,0,1,0,0,1,0,0,0.868384722
1,0,1,0.464674629,0.554413368,0.438492857,0,0,0,1,0,0,0,0,0,0,0,0,0,1,0,0,1,0,0,0,0,0,0,1,0,0,0.835250805
1,0,0,0.409970565,0.508568638,0.255117753,0,0,0,1,0,0,0,0,0,0,0,0,0,1,0,0,0,0,1,0,0,0,0,1,0,0,0.815347446
1,0,0,0.563296835,0.658526478,0.528211626,0,0,0,1,0,0,0,0,0,0,0,0,0,1,0,0,0,0,0,1,0,0,0,1,0,0,0.761274735
1,0,1,0.603917638,0.727506427,0.56413418,0,0,0,1,0,0,0,0,0,0,0,0,0,1,0,0,0,1,0,0,0,0,0,0,0,1,0.673377819
1,0,1,0.501133067,0.574121337,0.329496509,0,0,0,1,0,0,0,0,0,0,0,0,0,1,0,0,0,0,0,0,0,1,0,1,0,0,0.864242982
1,0,1,0.487037992,0.712511054,0.162819981,0,0,0,1,0,0,0,0,0,0,0,0,0,1,0,0,0,0,0,0,0,0,1,1,0,0,0.855844455
1,0,1,0.569099994,0.748928535,0.442296421,0,0,0,1,0,0,0,0,0,0,0,0,0,1,0,0,0,0,0,0,1,0,0,0,0,1,0.861366774
1,0,1,0.602271594,0.838046272,0.232053102,0,0,0,1,0,0,0,0,0,0,0,0,0,1,0,0,1,0,0,0,0,0,0,0,0,1,0.621491026
1,0,0,0.516879436,0.589117738,0.196147041,0,0,0,1,0,0,0,0,0,0,0,0,0,1,0,0,0,0,1,0,0,0,0,1,0,0,0.928209848
1,0,0,0.495335158,0.524421594,0.296167388,0,0,0,1,0,0,0,0,0,0,0,0,0,1,0,0,0,0,0,1,0,0,0,1,0,0,0.782558675
1,0,1,0.53013705,0.584404113,0.121820442,0,0,0,1,0,0,0,0,0,0,0,0,0,1,0,0,0,1,0,0,0,0,0,1,0,0,0.809479982
1,0,1,0.592306069,0.659811825,0.148749473,0,0,0,1,0,0,0,0,0,0,0,0,0,1,0,0,0,0,0,0,0,1,0,1,0,0,0.856419696
1,0,1,0.629607218,0.654241645,0.103876482,0,0,0,1,0,0,0,0,0,0,0,0,0,1,0,0,0,0,0,0,0,0,1,1,0,0,0.882535665
1,0,1,0.591497486,0.8230509,0.210243937,0,0,0,1,0,0,0,0,0,0,0,0,0,1,0,0,0,0,0,0,1,0,0,0,0,1,0.844109526
1,0,1,0.582390424,0.829905398,0.226926021,0,0,0,1,0,0,0,0,0,0,0,0,0,1,0,0,1,0,0,0,0,0,0,0,0,1,0.853888633
1,0,0,0.572392083,0.740359897,0.439729788,0,0,0,1,0,0,0,0,0,0,0,0,0,1,0,0,0,0,1,0,0,0,0,0,0,1,0.900828348
1,0,0,0.510223064,0.714224165,0.77435276,0,0,0,1,0,0,0,0,0,0,0,0,0,1,0,0,0,0,0,1,0,0,0,0,0,1,0.510469397
1,0,1,0.472982296,0.904884319,0.692286474,0,0,0,1,0,0,0,0,0,0,0,0,0,1,0,0,0,1,0,0,0,0,0,0,1,0,0
1,0,1,0.303007877,0.848796915,0.392967591,0,0,0,1,0,0,0,0,0,0,0,0,0,1,0,0,0,0,0,0,0,1,0,0,0,1,0.123561896
1,0,1,0.370202975,0.685518766,0.29743112,0,0,0,1,0,0,0,0,0,0,0,0,0,1,0,0,0,0,0,0,0,0,1,0,0,1,0.637827888
1,0,1,0.381809294,0.598115167,0.278215388,0,0,0,1,0,0,0,0,0,0,0,0,0,0,1,0,0,0,0,0,1,0,0,0,0,1,0.686148182
1,0,1,0.363563668,0.536846272,0.502572096,0,0,0,1,0,0,0,0,0,0,0,0,0,0,1,0,1,0,0,0,0,0,0,1,0,0,0.670156466
1,0,0,0.321302071,0.505141388,0.511548096,0,0,0,1,0,0,0,0,0,0,0,0,0,0,1,0,0,0,1,0,0,0,0,0,0,1,0.588587207
1,0,0,0.328773589,0.547986632,0.323078896,0,0,0,1,0,0,0,0,0,0,0,0,0,0,1,0,0,0,0,1,0,0,0,1,0,0,0.585020709
1,0,1,0.300600504,0.508140874,0.441034751,0,0,0,1,0,0,0,0,0,0,0,0,0,0,1,0,0,1,0,0,0,0,0,1,0,0,0.602508053
1,0,1,0.265805176,0.583118766,0.311544509,0,0,0,1,0,0,0,0,0,0,0,0,0,0,1,0,0,0,0,0,0,1,0,1,0,0,0.651633686
1,0,1,0.256687613,0.562982005,0.580772971,0,0,0,1,0,0,0,0,0,0,0,0,0,0,1,0,0,0,0,0,0,0,1,0,0,1,0.57673723
1,0,1,0.34498857,0.342907969,0.670918481,0,0,0,1,0,0,0,0,0,0,0,0,0,0,1,0,0,0,0,0,1,0,0,1,0,0,0.608950759
1,0,1,0.36273802,0.556126478,0.396160936,0,0,0,1,0,0,0,0,0,0,0,0,0,0,1,0,1,0,0,0,0,0,0,1,0,0,0.686838472
1,0,0,0.413305971,0.663667866,0.073090492,0,0,0,1,0,0,0,0,0,0,0,0,0,0,1,0,0,0,1,0,0,0,0,1,0,0,0.749424758
1,0,0,0.449765721,0.677806684,0.216686289,0,0,0,1,0,0,0,0,0,0,0,0,0,0,1,0,0,0,0,1,0,0,0,1,0,0,0.785780028
1,1,0,0.520214842,0.762639589,0.311552755,0,0,0,1,0,0,0,0,0,0,0,0,0,0,1,0,0,1,0,0,0,0,0,1,0,0,0.718706857
1,0,1,0.320486925,0.681662725,0.658984153,0,0,0,1,0,0,0,0,0,0,0,0,0,0,1,0,0,0,0,0,0,1,0,0,0,1,0.46847676
1,0,1,0.265799925,0.567694602,0.365375771,0,0,0,1,0,0,0,0,0,0,0,0,0,0,1,0,0,0,0,0,0,0,1,1,0,0,0.629659457
1,0,1,0.322150033,0.637960925,0.26922908,0,0,0,1,0,0,0,0,0,0,0,0,0,0,1,0,0,0,0,0,1,0,0,0,0,1,0.623907041
1,0,1,0.351962599,0.539416967,0.306415366,0,0,0,1,0,0,0,0,0,0,0,0,0,0,1,0,1,0,0,0,0,0,0,1,0,0,0.653014266
1,0,0,0.324632226,0.560840103,0.32435912,0,0,0,1,0,0,0,0,0,0,0,0,0,0,1,0,0,0,1,0,0,0,0,1,0,0,0.645075932
1,0,0,0.339547697,0.712511054,0.423072443,0,0,0,1,0,0,0,0,0,0,0,0,0,0,1,0,0,0,0,1,0,0,0,1,0,0,0.534629544
1,0,1,0.389263748,0.640959383,0.438441318,0,0,0,1,0,0,0,0,0,0,0,0,0,0,1,0,0,1,0,0,0,0,0,0,0,1,0.63011965
1,0,1,0.395887305,0.70437018,0.124380272,0,0,0,1,0,0,0,0,0,0,0,0,0,0,1,0,0,0,0,0,0,1,0,0,0,1,0.645651173
1,0,1,0.375180487,0.631105398,0.166685392,0,0,0,1,0,0,0,0,0,0,0,0,0,0,1,0,0,0,0,0,0,0,1,1,0,0,0.589507593
1,1,0,0.356119714,0.59682982,0.062834268,0,0,0,1,0,0,0,0,0,0,0,0,0,0,1,0,0,0,0,0,1,0,0,1,0,0,0.276461114
1,0,1,0.39340905,0.584832905,0.25899141,0,0,0,1,0,0,0,0,0,0,0,0,0,0,1,0,1,0,0,0,0,0,0,1,0,0,0.447307869
1,0,0,0.222717932,0.41602365,0.730777723,0,0,0,1,0,0,0,0,0,0,0,0,0,0,1,0,0,0,1,0,0,0,0,1,0,0,0.259433962
1,0,0,0.234322938,0.48157635,0.264101999,0,0,0,1,0,0,0,0,0,0,0,0,0,0,1,0,0,0,0,1,0,0,0,1,0,0,0.276346065
1,0,1,0.341198992,0.550557326,0.050009761,0,0,0,1,0,0,0,0,0,0,0,0,0,0,1,0,0,1,0,0,0,0,0,1,0,0,0.582719742
1,0,1,0.265793362,0.808912082,0.443584892,0,0,0,1,0,0,0,0,0,0,0,0,0,0,1,0,0,0,0,0,0,1,0,0,0,1,0.452945237
1,0,1,0.276562219,0.520565553,0.388456913,0,0,0,1,0,0,0,0,0,0,0,0,0,0,1,0,0,0,0,0,0,0,1,1,0,0,0.602623102
1,0,1,0.287929639,0.571364524,0.191993012,0,0,0,1,0,0,0,0,0,0,0,0,0,0,1,0,0,0,0,0,1,0,0,1,0,0,0.609871146
1,0,1,0.321329636,0.667951671,0.074378962,0,0,0,1,0,0,0,0,0,0,0,0,0,0,1,0,1,0,0,0,0,0,0,1,0,0,0.649562816
1,0,0,0.312189759,0.829477635,0.076921681,0,0,0,1,0,0,0,0,0,0,0,0,0,0,0,1,0,0,1,0,0,0,0,0,0,1,0.594684768
1,0,0,0.36771947,0.84661491,0.210252184,0,0,0,1,0,0,0,0,0,0,0,0,0,0,0,1,0,0,0,1,0,0,0,0,0,1,0.532328578
1,0,1,0.49450426,0.789203085,0.124371613,0,0,0,1,0,0,0,0,0,0,0,0,0,0,0,1,0,1,0,0,0,0,0,1,0,0,0.714680166
1,0,1,0.511907175,0.754498715,0.312814425,0,0,0,1,0,0,0,0,0,0,0,0,0,0,0,1,0,0,0,0,0,1,0,1,0,0,0.757478141
1,0,1,0.458034009,0.498714653,0.621824668,0,0,0,1,0,0,0,0,0,0,0,0,0,0,0,1,0,0,0,0,0,0,1,1,0,0,0.656580764
1,0,1,0.235138084,0.523136247,0.314102896,0,0,0,1,0,0,0,0,0,0,0,0,0,0,0,1,0,0,0,0,1,0,0,1,0,0,0.615853659
1,0,1,0.318823816,0.785775835,0.223077102,0,0,0,1,0,0,0,0,0,0,0,0,0,0,0,1,1,0,0,0,0,0,0,0,0,1,0.573630925
1,0,0,0.407492311,0.937017995,0.162836474,0,0,0,1,0,0,0,0,0,0,0,0,0,0,0,1,0,0,1,0,0,0,0,0,0,1,0.639668661
1,0,0,0.408329772,0.931020051,0.279512105,0,0,0,1,0,0,0,0,0,0,0,0,0,0,0,1,0,0,0,1,0,0,0,0,0,1,0.368844915
1,0,1,0.467961467,0.951156812,0.346168285,0,0,0,1,0,0,0,0,0,0,0,0,0,0,0,1,0,1,0,0,0,0,0,0,0,1,0.592268753
1,0,1,0.340357593,0.613539332,0.56413418,0,0,0,1,0,0,0,0,0,0,0,0,0,0,0,1,0,0,0,0,0,1,0,0,0,1,0.630349747
1,0,1,0.286506742,0.553555784,0.289741529,0,0,0,1,0,0,0,0,0,0,0,0,0,0,0,1,0,0,0,0,0,0,1,0,0,1,0.609410953
1,0,1,0.282371942,0.499571208,0.312814425,0,0,0,1,0,0,0,0,0,0,0,0,0,0,0,1,0,0,0,0,1,0,0,1,0,0,0.633916245
1,0,1,0.282377192,0.661097172,0.224373819,0,0,0,1,0,0,0,0,0,0,0,0,0,0,0,1,1,0,0,0,0,0,0,1,0,0,0.643005062
1,0,0,0.340383846,0.668809254,0.173084452,0,0,0,1,0,0,0,0,0,0,0,0,0,0,0,1,0,0,1,0,0,0,0,1,0,0,0.578117809
1,0,0,0.381804044,0.862467866,0.161523265,0,0,0,1,0,0,0,0,0,0,0,0,0,0,0,1,0,0,0,1,0,0,0,0,0,1,0.433041878
1,0,1,0.42323343,0.932733162,0.156402987,0,0,0,1,0,0,0,0,0,0,0,0,0,0,0,1,0,1,0,0,0,0,0,0,0,1,0.524965486
1,0,1,0.434007538,0.685089974,0.410274325,0,0,0,1,0,0,0,0,0,0,0,0,0,0,0,1,0,0,0,0,0,1,0,1,0,0,0.636792453
1,0,1,0.345344294,0.643102314,0.333353674,0,0,0,1,0,0,0,0,0,0,0,0,0,0,0,1,0,0,0,0,0,0,1,1,0,0,0.60342844
1,0,1,0.336228044,0.686804113,0.226917775,0,0,0,1,0,0,0,0,0,0,0,0,0,0,0,1,0,0,0,0,1,0,0,0,0,1,0.472388403
1,0,1,0.292320403,0.572408226,0.72564858,0,1,0,0,0,0,0,0,0,0,0,0,0,0,0,1,1,0,0,0,0,0,0,0,0,1,0.414289001
1,0,0,0.206140664,0.453727506,0.793603538,0,1,0,0,0,0,0,0,0,0,0,0,0,0,0,1,0,0,1,0,0,0,0,1,0,0,0.198688449
1,0,0,0.236801193,0.529991774,0.228195937,0,1,0,0,0,0,0,0,0,0,0,0,0,0,0,1,0,0,0,1,0,0,0,1,0,0,0.203060285
1,0,1,0.236051678,0.813680206,0.113052865,0,1,0,0,0,0,0,0,0,0,0,0,0,0,0,1,0,1,0,0,0,0,0,0,0,1,0.103313392
1,1,0,0.282735542,0.755560925,0.301675857,0,1,0,0,0,0,0,0,0,0,0,0,0,0,0,1,0,0,0,0,0,1,0,0,0,1,0.114012885
1,0,1,0.185427284,0.84661491,0.606414562,0,1,0,0,0,0,0,0,0,0,0,0,0,0,0,1,0,0,0,0,0,0,1,0,1,0,0.048205246
1,0,1,0.193708698,0.671379949,0.675655929,0,1,0,0,0,0,0,0,0,0,0,0,0,0,0,1,0,0,0,0,1,0,0,0,0,1,0.240681086
1,0,1,0.230992783,0.606683805,0.274349977,0,1,0,0,0,0,0,0,0,0,0,0,0,0,0,1,1,0,0,0,0,0,0,0,0,1,0.353543488
1,0,0,0.2143932,0.774207712,0.21026043,0,1,0,0,0,0,0,0,0,0,0,0,0,0,0,1,0,0,1,0,0,0,0,0,0,1,0.151748734
1,0,0,0.200348006,0.497000514,0.676936154,0,1,0,0,0,0,0,0,0,0,0,0,0,0,0,1,0,0,0,1,0,0,0,1,0,0,0.20409572
1,0,1,0.189567335,0.593830334,0.273061507,0,1,0,0,0,0,0,0,0,0,0,0,0,0,0,1,0,1,0,0,0,0,0,0,0,1,0.311435803
